grammar_slots_id,structure_cell_id,slot_schema_json,binding_requirement,frozen_lineage
Y1_R01_D01_SLOTS,Y1_R01_D01,"{""index"":""20 per A cell or 15 per B cell"",""m"":""n+3"",""n"":""integer"",""score"":""integer"",""tag"":""safe_ascii_token""}",required for DynamoDB; all others are render-only,AF_01
Y1_R01_D02_SLOTS,Y1_R01_D02,"{""index"":""20 per A cell or 15 per B cell"",""m"":""n+3"",""n"":""integer"",""score"":""integer"",""tag"":""safe_ascii_token""}",required for DynamoDB; all others are render-only,AF_01
Y1_R01_D03_SLOTS,Y1_R01_D03,"{""index"":""20 per A cell or 15 per B cell"",""m"":""n+3"",""n"":""integer"",""score"":""integer"",""tag"":""safe_ascii_token""}",required for DynamoDB; all others are render-only,AF_01
Y1_R01_D04_SLOTS,Y1_R01_D04,"{""index"":""20 per A cell or 15 per B cell"",""m"":""n+3"",""n"":""integer"",""score"":""integer"",""tag"":""safe_ascii_token""}",required for DynamoDB; all others are render-only,AF_01
Y1_R01_D05_SLOTS,Y1_R01_D05,"{""index"":""20 per A cell or 15 per B cell"",""m"":""n+3"",""n"":""integer"",""score"":""integer"",""tag"":""safe_ascii_token""}",required for DynamoDB; all others are render-only,AF_01
Y1_R01_D06_SLOTS,Y1_R01_D06,"{""index"":""20 per A cell or 15 per B cell"",""m"":""n+3"",""n"":""integer"",""score"":""integer"",""tag"":""safe_ascii_token""}",required for DynamoDB; all others are render-only,AF_01
Y1_R01_D07_SLOTS,Y1_R01_D07,"{""index"":""20 per A cell or 15 per B cell"",""m"":""n+3"",""n"":""integer"",""score"":""integer"",""tag"":""safe_ascii_token""}",required for DynamoDB; all others are render-only,AF_01
Y1_R01_D08_SLOTS,Y1_R01_D08,"{""index"":""20 per A cell or 15 per B cell"",""m"":""n+3"",""n"":""integer"",""score"":""integer"",""tag"":""safe_ascii_token""}",required for DynamoDB; all others are render-only,AF_01
Y1_R01_D09_SLOTS,Y1_R01_D09,"{""index"":""20 per A cell or 15 per B cell"",""m"":""n+3"",""n"":""integer"",""score"":""integer"",""tag"":""safe_ascii_token""}",required for DynamoDB; all others are render-only,AF_01
Y1_R01_D10_SLOTS,Y1_R01_D10,"{""index"":""20 per A cell or 15 per B cell"",""m"":""n+3"",""n"":""integer"",""score"":""integer"",""tag"":""safe_ascii_token""}",required for DynamoDB; all others are render-only,AF_01
Y1_R01_D11_SLOTS,Y1_R01_D11,"{""index"":""20 per A cell or 15 per B cell"",""m"":""n+3"",""n"":""integer"",""score"":""integer"",""tag"":""safe_ascii_token""}",required for DynamoDB; all others are render-only,AF_01
Y1_R01_D12_SLOTS,Y1_R01_D12,"{""index"":""20 per A cell or 15 per B cell"",""m"":""n+3"",""n"":""integer"",""score"":""integer"",""tag"":""safe_ascii_token""}",required for DynamoDB; all others are render-only,AF_01
Y1_R01_D13_SLOTS,Y1_R01_D13,"{""index"":""20 per A cell or 15 per B cell"",""m"":""n+3"",""n"":""integer"",""score"":""integer"",""tag"":""safe_ascii_token""}",required for DynamoDB; all others are render-only,AF_01
Y1_R01_D14_SLOTS,Y1_R01_D14,"{""index"":""20 per A cell or 15 per B cell"",""m"":""n+3"",""n"":""integer"",""score"":""integer"",""tag"":""safe_ascii_token""}",required for DynamoDB; all others are render-only,AF_01
Y1_R01_D15_SLOTS,Y1_R01_D15,"{""index"":""20 per A cell or 15 per B cell"",""m"":""n+3"",""n"":""integer"",""score"":""integer"",""tag"":""safe_ascii_token""}",required for DynamoDB; all others are render-only,AF_01
Y1_R01_D16_SLOTS,Y1_R01_D16,"{""index"":""20 per A cell or 15 per B cell"",""m"":""n+3"",""n"":""integer"",""score"":""integer"",""tag"":""safe_ascii_token""}",required for DynamoDB; all others are render-only,AF_01
Y1_R01_D17_SLOTS,Y1_R01_D17,"{""index"":""20 per A cell or 15 per B cell"",""m"":""n+3"",""n"":""integer"",""score"":""integer"",""tag"":""safe_ascii_token""}",required for DynamoDB; all others are render-only,AF_01
Y1_R01_D18_SLOTS,Y1_R01_D18,"{""index"":""20 per A cell or 15 per B cell"",""m"":""n+3"",""n"":""integer"",""score"":""integer"",""tag"":""safe_ascii_token""}",required for DynamoDB; all others are render-only,AF_01
Y1_R02_D01_SLOTS,Y1_R02_D01,"{""index"":""20 per A cell or 15 per B cell"",""m"":""n+3"",""n"":""integer"",""score"":""integer"",""tag"":""safe_ascii_token""}",required for DynamoDB; all others are render-only,AF_02
Y1_R02_D02_SLOTS,Y1_R02_D02,"{""index"":""20 per A cell or 15 per B cell"",""m"":""n+3"",""n"":""integer"",""score"":""integer"",""tag"":""safe_ascii_token""}",required for DynamoDB; all others are render-only,AF_02
Y1_R02_D03_SLOTS,Y1_R02_D03,"{""index"":""20 per A cell or 15 per B cell"",""m"":""n+3"",""n"":""integer"",""score"":""integer"",""tag"":""safe_ascii_token""}",required for DynamoDB; all others are render-only,AF_02
Y1_R02_D04_SLOTS,Y1_R02_D04,"{""index"":""20 per A cell or 15 per B cell"",""m"":""n+3"",""n"":""integer"",""score"":""integer"",""tag"":""safe_ascii_token""}",required for DynamoDB; all others are render-only,AF_02
Y1_R02_D05_SLOTS,Y1_R02_D05,"{""index"":""20 per A cell or 15 per B cell"",""m"":""n+3"",""n"":""integer"",""score"":""integer"",""tag"":""safe_ascii_token""}",required for DynamoDB; all others are render-only,AF_02
Y1_R02_D06_SLOTS,Y1_R02_D06,"{""index"":""20 per A cell or 15 per B cell"",""m"":""n+3"",""n"":""integer"",""score"":""integer"",""tag"":""safe_ascii_token""}",required for DynamoDB; all others are render-only,AF_02
Y1_R02_D07_SLOTS,Y1_R02_D07,"{""index"":""20 per A cell or 15 per B cell"",""m"":""n+3"",""n"":""integer"",""score"":""integer"",""tag"":""safe_ascii_token""}",required for DynamoDB; all others are render-only,AF_02
Y1_R02_D08_SLOTS,Y1_R02_D08,"{""index"":""20 per A cell or 15 per B cell"",""m"":""n+3"",""n"":""integer"",""score"":""integer"",""tag"":""safe_ascii_token""}",required for DynamoDB; all others are render-only,AF_02
Y1_R02_D09_SLOTS,Y1_R02_D09,"{""index"":""20 per A cell or 15 per B cell"",""m"":""n+3"",""n"":""integer"",""score"":""integer"",""tag"":""safe_ascii_token""}",required for DynamoDB; all others are render-only,AF_02
Y1_R02_D10_SLOTS,Y1_R02_D10,"{""index"":""20 per A cell or 15 per B cell"",""m"":""n+3"",""n"":""integer"",""score"":""integer"",""tag"":""safe_ascii_token""}",required for DynamoDB; all others are render-only,AF_02
Y1_R02_D11_SLOTS,Y1_R02_D11,"{""index"":""20 per A cell or 15 per B cell"",""m"":""n+3"",""n"":""integer"",""score"":""integer"",""tag"":""safe_ascii_token""}",required for DynamoDB; all others are render-only,AF_02
Y1_R02_D12_SLOTS,Y1_R02_D12,"{""index"":""20 per A cell or 15 per B cell"",""m"":""n+3"",""n"":""integer"",""score"":""integer"",""tag"":""safe_ascii_token""}",required for DynamoDB; all others are render-only,AF_02
Y1_R02_D13_SLOTS,Y1_R02_D13,"{""index"":""20 per A cell or 15 per B cell"",""m"":""n+3"",""n"":""integer"",""score"":""integer"",""tag"":""safe_ascii_token""}",required for DynamoDB; all others are render-only,AF_02
Y1_R02_D14_SLOTS,Y1_R02_D14,"{""index"":""20 per A cell or 15 per B cell"",""m"":""n+3"",""n"":""integer"",""score"":""integer"",""tag"":""safe_ascii_token""}",required for DynamoDB; all others are render-only,AF_02
Y1_R02_D15_SLOTS,Y1_R02_D15,"{""index"":""20 per A cell or 15 per B cell"",""m"":""n+3"",""n"":""integer"",""score"":""integer"",""tag"":""safe_ascii_token""}",required for DynamoDB; all others are render-only,AF_02
Y1_R02_D16_SLOTS,Y1_R02_D16,"{""index"":""20 per A cell or 15 per B cell"",""m"":""n+3"",""n"":""integer"",""score"":""integer"",""tag"":""safe_ascii_token""}",required for DynamoDB; all others are render-only,AF_02
Y1_R02_D17_SLOTS,Y1_R02_D17,"{""index"":""20 per A cell or 15 per B cell"",""m"":""n+3"",""n"":""integer"",""score"":""integer"",""tag"":""safe_ascii_token""}",required for DynamoDB; all others are render-only,AF_02
Y1_R02_D18_SLOTS,Y1_R02_D18,"{""index"":""20 per A cell or 15 per B cell"",""m"":""n+3"",""n"":""integer"",""score"":""integer"",""tag"":""safe_ascii_token""}",required for DynamoDB; all others are render-only,AF_02
Y1_R03_D01_SLOTS,Y1_R03_D01,"{""index"":""20 per A cell or 15 per B cell"",""m"":""n+3"",""n"":""integer"",""score"":""integer"",""tag"":""safe_ascii_token""}",required for DynamoDB; all others are render-only,AF_03
Y1_R03_D02_SLOTS,Y1_R03_D02,"{""index"":""20 per A cell or 15 per B cell"",""m"":""n+3"",""n"":""integer"",""score"":""integer"",""tag"":""safe_ascii_token""}",required for DynamoDB; all others are render-only,AF_03
Y1_R03_D03_SLOTS,Y1_R03_D03,"{""index"":""20 per A cell or 15 per B cell"",""m"":""n+3"",""n"":""integer"",""score"":""integer"",""tag"":""safe_ascii_token""}",required for DynamoDB; all others are render-only,AF_03
Y1_R03_D04_SLOTS,Y1_R03_D04,"{""index"":""20 per A cell or 15 per B cell"",""m"":""n+3"",""n"":""integer"",""score"":""integer"",""tag"":""safe_ascii_token""}",required for DynamoDB; all others are render-only,AF_03
Y1_R03_D05_SLOTS,Y1_R03_D05,"{""index"":""20 per A cell or 15 per B cell"",""m"":""n+3"",""n"":""integer"",""score"":""integer"",""tag"":""safe_ascii_token""}",required for DynamoDB; all others are render-only,AF_03
Y1_R03_D06_SLOTS,Y1_R03_D06,"{""index"":""20 per A cell or 15 per B cell"",""m"":""n+3"",""n"":""integer"",""score"":""integer"",""tag"":""safe_ascii_token""}",required for DynamoDB; all others are render-only,AF_03
Y1_R03_D07_SLOTS,Y1_R03_D07,"{""index"":""20 per A cell or 15 per B cell"",""m"":""n+3"",""n"":""integer"",""score"":""integer"",""tag"":""safe_ascii_token""}",required for DynamoDB; all others are render-only,AF_03
Y1_R03_D08_SLOTS,Y1_R03_D08,"{""index"":""20 per A cell or 15 per B cell"",""m"":""n+3"",""n"":""integer"",""score"":""integer"",""tag"":""safe_ascii_token""}",required for DynamoDB; all others are render-only,AF_03
Y1_R03_D09_SLOTS,Y1_R03_D09,"{""index"":""20 per A cell or 15 per B cell"",""m"":""n+3"",""n"":""integer"",""score"":""integer"",""tag"":""safe_ascii_token""}",required for DynamoDB; all others are render-only,AF_03
Y1_R03_D10_SLOTS,Y1_R03_D10,"{""index"":""20 per A cell or 15 per B cell"",""m"":""n+3"",""n"":""integer"",""score"":""integer"",""tag"":""safe_ascii_token""}",required for DynamoDB; all others are render-only,AF_03
Y1_R03_D11_SLOTS,Y1_R03_D11,"{""index"":""20 per A cell or 15 per B cell"",""m"":""n+3"",""n"":""integer"",""score"":""integer"",""tag"":""safe_ascii_token""}",required for DynamoDB; all others are render-only,AF_03
Y1_R03_D12_SLOTS,Y1_R03_D12,"{""index"":""20 per A cell or 15 per B cell"",""m"":""n+3"",""n"":""integer"",""score"":""integer"",""tag"":""safe_ascii_token""}",required for DynamoDB; all others are render-only,AF_03
Y1_R03_D13_SLOTS,Y1_R03_D13,"{""index"":""20 per A cell or 15 per B cell"",""m"":""n+3"",""n"":""integer"",""score"":""integer"",""tag"":""safe_ascii_token""}",required for DynamoDB; all others are render-only,AF_03
Y1_R03_D14_SLOTS,Y1_R03_D14,"{""index"":""20 per A cell or 15 per B cell"",""m"":""n+3"",""n"":""integer"",""score"":""integer"",""tag"":""safe_ascii_token""}",required for DynamoDB; all others are render-only,AF_03
Y1_R03_D15_SLOTS,Y1_R03_D15,"{""index"":""20 per A cell or 15 per B cell"",""m"":""n+3"",""n"":""integer"",""score"":""integer"",""tag"":""safe_ascii_token""}",required for DynamoDB; all others are render-only,AF_03
Y1_R03_D16_SLOTS,Y1_R03_D16,"{""index"":""20 per A cell or 15 per B cell"",""m"":""n+3"",""n"":""integer"",""score"":""integer"",""tag"":""safe_ascii_token""}",required for DynamoDB; all others are render-only,AF_03
Y1_R03_D17_SLOTS,Y1_R03_D17,"{""index"":""20 per A cell or 15 per B cell"",""m"":""n+3"",""n"":""integer"",""score"":""integer"",""tag"":""safe_ascii_token""}",required for DynamoDB; all others are render-only,AF_03
Y1_R03_D18_SLOTS,Y1_R03_D18,"{""index"":""20 per A cell or 15 per B cell"",""m"":""n+3"",""n"":""integer"",""score"":""integer"",""tag"":""safe_ascii_token""}",required for DynamoDB; all others are render-only,AF_03
Y1_R04_D01_SLOTS,Y1_R04_D01,"{""index"":""20 per A cell or 15 per B cell"",""m"":""n+3"",""n"":""integer"",""score"":""integer"",""tag"":""safe_ascii_token""}",required for DynamoDB; all others are render-only,AF_04
Y1_R04_D02_SLOTS,Y1_R04_D02,"{""index"":""20 per A cell or 15 per B cell"",""m"":""n+3"",""n"":""integer"",""score"":""integer"",""tag"":""safe_ascii_token""}",required for DynamoDB; all others are render-only,AF_04
Y1_R04_D03_SLOTS,Y1_R04_D03,"{""index"":""20 per A cell or 15 per B cell"",""m"":""n+3"",""n"":""integer"",""score"":""integer"",""tag"":""safe_ascii_token""}",required for DynamoDB; all others are render-only,AF_04
Y1_R04_D04_SLOTS,Y1_R04_D04,"{""index"":""20 per A cell or 15 per B cell"",""m"":""n+3"",""n"":""integer"",""score"":""integer"",""tag"":""safe_ascii_token""}",required for DynamoDB; all others are render-only,AF_04
Y1_R04_D05_SLOTS,Y1_R04_D05,"{""index"":""20 per A cell or 15 per B cell"",""m"":""n+3"",""n"":""integer"",""score"":""integer"",""tag"":""safe_ascii_token""}",required for DynamoDB; all others are render-only,AF_04
Y1_R04_D06_SLOTS,Y1_R04_D06,"{""index"":""20 per A cell or 15 per B cell"",""m"":""n+3"",""n"":""integer"",""score"":""integer"",""tag"":""safe_ascii_token""}",required for DynamoDB; all others are render-only,AF_04
Y1_R04_D07_SLOTS,Y1_R04_D07,"{""index"":""20 per A cell or 15 per B cell"",""m"":""n+3"",""n"":""integer"",""score"":""integer"",""tag"":""safe_ascii_token""}",required for DynamoDB; all others are render-only,AF_04
Y1_R04_D08_SLOTS,Y1_R04_D08,"{""index"":""20 per A cell or 15 per B cell"",""m"":""n+3"",""n"":""integer"",""score"":""integer"",""tag"":""safe_ascii_token""}",required for DynamoDB; all others are render-only,AF_04
Y1_R04_D09_SLOTS,Y1_R04_D09,"{""index"":""20 per A cell or 15 per B cell"",""m"":""n+3"",""n"":""integer"",""score"":""integer"",""tag"":""safe_ascii_token""}",required for DynamoDB; all others are render-only,AF_04
Y1_R04_D10_SLOTS,Y1_R04_D10,"{""index"":""20 per A cell or 15 per B cell"",""m"":""n+3"",""n"":""integer"",""score"":""integer"",""tag"":""safe_ascii_token""}",required for DynamoDB; all others are render-only,AF_04
Y1_R04_D11_SLOTS,Y1_R04_D11,"{""index"":""20 per A cell or 15 per B cell"",""m"":""n+3"",""n"":""integer"",""score"":""integer"",""tag"":""safe_ascii_token""}",required for DynamoDB; all others are render-only,AF_04
Y1_R04_D12_SLOTS,Y1_R04_D12,"{""index"":""20 per A cell or 15 per B cell"",""m"":""n+3"",""n"":""integer"",""score"":""integer"",""tag"":""safe_ascii_token""}",required for DynamoDB; all others are render-only,AF_04
Y1_R04_D13_SLOTS,Y1_R04_D13,"{""index"":""20 per A cell or 15 per B cell"",""m"":""n+3"",""n"":""integer"",""score"":""integer"",""tag"":""safe_ascii_token""}",required for DynamoDB; all others are render-only,AF_04
Y1_R04_D14_SLOTS,Y1_R04_D14,"{""index"":""20 per A cell or 15 per B cell"",""m"":""n+3"",""n"":""integer"",""score"":""integer"",""tag"":""safe_ascii_token""}",required for DynamoDB; all others are render-only,AF_04
Y1_R04_D15_SLOTS,Y1_R04_D15,"{""index"":""20 per A cell or 15 per B cell"",""m"":""n+3"",""n"":""integer"",""score"":""integer"",""tag"":""safe_ascii_token""}",required for DynamoDB; all others are render-only,AF_04
Y1_R04_D16_SLOTS,Y1_R04_D16,"{""index"":""20 per A cell or 15 per B cell"",""m"":""n+3"",""n"":""integer"",""score"":""integer"",""tag"":""safe_ascii_token""}",required for DynamoDB; all others are render-only,AF_04
Y1_R04_D17_SLOTS,Y1_R04_D17,"{""index"":""20 per A cell or 15 per B cell"",""m"":""n+3"",""n"":""integer"",""score"":""integer"",""tag"":""safe_ascii_token""}",required for DynamoDB; all others are render-only,AF_04
Y1_R04_D18_SLOTS,Y1_R04_D18,"{""index"":""20 per A cell or 15 per B cell"",""m"":""n+3"",""n"":""integer"",""score"":""integer"",""tag"":""safe_ascii_token""}",required for DynamoDB; all others are render-only,AF_04
Y1_R05_D01_SLOTS,Y1_R05_D01,"{""index"":""20 per A cell or 15 per B cell"",""m"":""n+3"",""n"":""integer"",""score"":""integer"",""tag"":""safe_ascii_token""}",required for DynamoDB; all others are render-only,AF_05
Y1_R05_D02_SLOTS,Y1_R05_D02,"{""index"":""20 per A cell or 15 per B cell"",""m"":""n+3"",""n"":""integer"",""score"":""integer"",""tag"":""safe_ascii_token""}",required for DynamoDB; all others are render-only,AF_05
Y1_R05_D03_SLOTS,Y1_R05_D03,"{""index"":""20 per A cell or 15 per B cell"",""m"":""n+3"",""n"":""integer"",""score"":""integer"",""tag"":""safe_ascii_token""}",required for DynamoDB; all others are render-only,AF_05
Y1_R05_D04_SLOTS,Y1_R05_D04,"{""index"":""20 per A cell or 15 per B cell"",""m"":""n+3"",""n"":""integer"",""score"":""integer"",""tag"":""safe_ascii_token""}",required for DynamoDB; all others are render-only,AF_05
Y1_R05_D05_SLOTS,Y1_R05_D05,"{""index"":""20 per A cell or 15 per B cell"",""m"":""n+3"",""n"":""integer"",""score"":""integer"",""tag"":""safe_ascii_token""}",required for DynamoDB; all others are render-only,AF_05
Y1_R05_D06_SLOTS,Y1_R05_D06,"{""index"":""20 per A cell or 15 per B cell"",""m"":""n+3"",""n"":""integer"",""score"":""integer"",""tag"":""safe_ascii_token""}",required for DynamoDB; all others are render-only,AF_05
Y1_R05_D07_SLOTS,Y1_R05_D07,"{""index"":""20 per A cell or 15 per B cell"",""m"":""n+3"",""n"":""integer"",""score"":""integer"",""tag"":""safe_ascii_token""}",required for DynamoDB; all others are render-only,AF_05
Y1_R05_D08_SLOTS,Y1_R05_D08,"{""index"":""20 per A cell or 15 per B cell"",""m"":""n+3"",""n"":""integer"",""score"":""integer"",""tag"":""safe_ascii_token""}",required for DynamoDB; all others are render-only,AF_05
Y1_R05_D09_SLOTS,Y1_R05_D09,"{""index"":""20 per A cell or 15 per B cell"",""m"":""n+3"",""n"":""integer"",""score"":""integer"",""tag"":""safe_ascii_token""}",required for DynamoDB; all others are render-only,AF_05
Y1_R05_D10_SLOTS,Y1_R05_D10,"{""index"":""20 per A cell or 15 per B cell"",""m"":""n+3"",""n"":""integer"",""score"":""integer"",""tag"":""safe_ascii_token""}",required for DynamoDB; all others are render-only,AF_05
Y1_R05_D11_SLOTS,Y1_R05_D11,"{""index"":""20 per A cell or 15 per B cell"",""m"":""n+3"",""n"":""integer"",""score"":""integer"",""tag"":""safe_ascii_token""}",required for DynamoDB; all others are render-only,AF_05
Y1_R05_D12_SLOTS,Y1_R05_D12,"{""index"":""20 per A cell or 15 per B cell"",""m"":""n+3"",""n"":""integer"",""score"":""integer"",""tag"":""safe_ascii_token""}",required for DynamoDB; all others are render-only,AF_05
Y1_R05_D13_SLOTS,Y1_R05_D13,"{""index"":""20 per A cell or 15 per B cell"",""m"":""n+3"",""n"":""integer"",""score"":""integer"",""tag"":""safe_ascii_token""}",required for DynamoDB; all others are render-only,AF_05
Y1_R05_D14_SLOTS,Y1_R05_D14,"{""index"":""20 per A cell or 15 per B cell"",""m"":""n+3"",""n"":""integer"",""score"":""integer"",""tag"":""safe_ascii_token""}",required for DynamoDB; all others are render-only,AF_05
Y1_R05_D15_SLOTS,Y1_R05_D15,"{""index"":""20 per A cell or 15 per B cell"",""m"":""n+3"",""n"":""integer"",""score"":""integer"",""tag"":""safe_ascii_token""}",required for DynamoDB; all others are render-only,AF_05
Y1_R05_D16_SLOTS,Y1_R05_D16,"{""index"":""20 per A cell or 15 per B cell"",""m"":""n+3"",""n"":""integer"",""score"":""integer"",""tag"":""safe_ascii_token""}",required for DynamoDB; all others are render-only,AF_05
Y1_R05_D17_SLOTS,Y1_R05_D17,"{""index"":""20 per A cell or 15 per B cell"",""m"":""n+3"",""n"":""integer"",""score"":""integer"",""tag"":""safe_ascii_token""}",required for DynamoDB; all others are render-only,AF_05
Y1_R05_D18_SLOTS,Y1_R05_D18,"{""index"":""20 per A cell or 15 per B cell"",""m"":""n+3"",""n"":""integer"",""score"":""integer"",""tag"":""safe_ascii_token""}",required for DynamoDB; all others are render-only,AF_05
Y1_R06_D01_SLOTS,Y1_R06_D01,"{""index"":""20 per A cell or 15 per B cell"",""m"":""n+3"",""n"":""integer"",""score"":""integer"",""tag"":""safe_ascii_token""}",required for DynamoDB; all others are render-only,AF_06
Y1_R06_D02_SLOTS,Y1_R06_D02,"{""index"":""20 per A cell or 15 per B cell"",""m"":""n+3"",""n"":""integer"",""score"":""integer"",""tag"":""safe_ascii_token""}",required for DynamoDB; all others are render-only,AF_06
Y1_R06_D03_SLOTS,Y1_R06_D03,"{""index"":""20 per A cell or 15 per B cell"",""m"":""n+3"",""n"":""integer"",""score"":""integer"",""tag"":""safe_ascii_token""}",required for DynamoDB; all others are render-only,AF_06
Y1_R06_D04_SLOTS,Y1_R06_D04,"{""index"":""20 per A cell or 15 per B cell"",""m"":""n+3"",""n"":""integer"",""score"":""integer"",""tag"":""safe_ascii_token""}",required for DynamoDB; all others are render-only,AF_06
Y1_R06_D05_SLOTS,Y1_R06_D05,"{""index"":""20 per A cell or 15 per B cell"",""m"":""n+3"",""n"":""integer"",""score"":""integer"",""tag"":""safe_ascii_token""}",required for DynamoDB; all others are render-only,AF_06
Y1_R06_D06_SLOTS,Y1_R06_D06,"{""index"":""20 per A cell or 15 per B cell"",""m"":""n+3"",""n"":""integer"",""score"":""integer"",""tag"":""safe_ascii_token""}",required for DynamoDB; all others are render-only,AF_06
Y1_R06_D07_SLOTS,Y1_R06_D07,"{""index"":""20 per A cell or 15 per B cell"",""m"":""n+3"",""n"":""integer"",""score"":""integer"",""tag"":""safe_ascii_token""}",required for DynamoDB; all others are render-only,AF_06
Y1_R06_D08_SLOTS,Y1_R06_D08,"{""index"":""20 per A cell or 15 per B cell"",""m"":""n+3"",""n"":""integer"",""score"":""integer"",""tag"":""safe_ascii_token""}",required for DynamoDB; all others are render-only,AF_06
Y1_R06_D09_SLOTS,Y1_R06_D09,"{""index"":""20 per A cell or 15 per B cell"",""m"":""n+3"",""n"":""integer"",""score"":""integer"",""tag"":""safe_ascii_token""}",required for DynamoDB; all others are render-only,AF_06
Y1_R06_D10_SLOTS,Y1_R06_D10,"{""index"":""20 per A cell or 15 per B cell"",""m"":""n+3"",""n"":""integer"",""score"":""integer"",""tag"":""safe_ascii_token""}",required for DynamoDB; all others are render-only,AF_06
Y1_R06_D11_SLOTS,Y1_R06_D11,"{""index"":""20 per A cell or 15 per B cell"",""m"":""n+3"",""n"":""integer"",""score"":""integer"",""tag"":""safe_ascii_token""}",required for DynamoDB; all others are render-only,AF_06
Y1_R06_D12_SLOTS,Y1_R06_D12,"{""index"":""20 per A cell or 15 per B cell"",""m"":""n+3"",""n"":""integer"",""score"":""integer"",""tag"":""safe_ascii_token""}",required for DynamoDB; all others are render-only,AF_06
Y1_R06_D13_SLOTS,Y1_R06_D13,"{""index"":""20 per A cell or 15 per B cell"",""m"":""n+3"",""n"":""integer"",""score"":""integer"",""tag"":""safe_ascii_token""}",required for DynamoDB; all others are render-only,AF_06
Y1_R06_D14_SLOTS,Y1_R06_D14,"{""index"":""20 per A cell or 15 per B cell"",""m"":""n+3"",""n"":""integer"",""score"":""integer"",""tag"":""safe_ascii_token""}",required for DynamoDB; all others are render-only,AF_06
Y1_R06_D15_SLOTS,Y1_R06_D15,"{""index"":""20 per A cell or 15 per B cell"",""m"":""n+3"",""n"":""integer"",""score"":""integer"",""tag"":""safe_ascii_token""}",required for DynamoDB; all others are render-only,AF_06
Y1_R06_D16_SLOTS,Y1_R06_D16,"{""index"":""20 per A cell or 15 per B cell"",""m"":""n+3"",""n"":""integer"",""score"":""integer"",""tag"":""safe_ascii_token""}",required for DynamoDB; all others are render-only,AF_06
Y1_R06_D17_SLOTS,Y1_R06_D17,"{""index"":""20 per A cell or 15 per B cell"",""m"":""n+3"",""n"":""integer"",""score"":""integer"",""tag"":""safe_ascii_token""}",required for DynamoDB; all others are render-only,AF_06
Y1_R06_D18_SLOTS,Y1_R06_D18,"{""index"":""20 per A cell or 15 per B cell"",""m"":""n+3"",""n"":""integer"",""score"":""integer"",""tag"":""safe_ascii_token""}",required for DynamoDB; all others are render-only,AF_06
Y1_R07_D01_SLOTS,Y1_R07_D01,"{""index"":""20 per A cell or 15 per B cell"",""m"":""n+3"",""n"":""integer"",""score"":""integer"",""tag"":""safe_ascii_token""}",required for DynamoDB; all others are render-only,AF_07
Y1_R07_D02_SLOTS,Y1_R07_D02,"{""index"":""20 per A cell or 15 per B cell"",""m"":""n+3"",""n"":""integer"",""score"":""integer"",""tag"":""safe_ascii_token""}",required for DynamoDB; all others are render-only,AF_07
Y1_R07_D03_SLOTS,Y1_R07_D03,"{""index"":""20 per A cell or 15 per B cell"",""m"":""n+3"",""n"":""integer"",""score"":""integer"",""tag"":""safe_ascii_token""}",required for DynamoDB; all others are render-only,AF_07
Y1_R07_D04_SLOTS,Y1_R07_D04,"{""index"":""20 per A cell or 15 per B cell"",""m"":""n+3"",""n"":""integer"",""score"":""integer"",""tag"":""safe_ascii_token""}",required for DynamoDB; all others are render-only,AF_07
Y1_R07_D05_SLOTS,Y1_R07_D05,"{""index"":""20 per A cell or 15 per B cell"",""m"":""n+3"",""n"":""integer"",""score"":""integer"",""tag"":""safe_ascii_token""}",required for DynamoDB; all others are render-only,AF_07
Y1_R07_D06_SLOTS,Y1_R07_D06,"{""index"":""20 per A cell or 15 per B cell"",""m"":""n+3"",""n"":""integer"",""score"":""integer"",""tag"":""safe_ascii_token""}",required for DynamoDB; all others are render-only,AF_07
Y1_R07_D07_SLOTS,Y1_R07_D07,"{""index"":""20 per A cell or 15 per B cell"",""m"":""n+3"",""n"":""integer"",""score"":""integer"",""tag"":""safe_ascii_token""}",required for DynamoDB; all others are render-only,AF_07
Y1_R07_D08_SLOTS,Y1_R07_D08,"{""index"":""20 per A cell or 15 per B cell"",""m"":""n+3"",""n"":""integer"",""score"":""integer"",""tag"":""safe_ascii_token""}",required for DynamoDB; all others are render-only,AF_07
Y1_R07_D09_SLOTS,Y1_R07_D09,"{""index"":""20 per A cell or 15 per B cell"",""m"":""n+3"",""n"":""integer"",""score"":""integer"",""tag"":""safe_ascii_token""}",required for DynamoDB; all others are render-only,AF_07
Y1_R07_D10_SLOTS,Y1_R07_D10,"{""index"":""20 per A cell or 15 per B cell"",""m"":""n+3"",""n"":""integer"",""score"":""integer"",""tag"":""safe_ascii_token""}",required for DynamoDB; all others are render-only,AF_07
Y1_R07_D11_SLOTS,Y1_R07_D11,"{""index"":""20 per A cell or 15 per B cell"",""m"":""n+3"",""n"":""integer"",""score"":""integer"",""tag"":""safe_ascii_token""}",required for DynamoDB; all others are render-only,AF_07
Y1_R07_D12_SLOTS,Y1_R07_D12,"{""index"":""20 per A cell or 15 per B cell"",""m"":""n+3"",""n"":""integer"",""score"":""integer"",""tag"":""safe_ascii_token""}",required for DynamoDB; all others are render-only,AF_07
Y1_R07_D13_SLOTS,Y1_R07_D13,"{""index"":""20 per A cell or 15 per B cell"",""m"":""n+3"",""n"":""integer"",""score"":""integer"",""tag"":""safe_ascii_token""}",required for DynamoDB; all others are render-only,AF_07
Y1_R07_D14_SLOTS,Y1_R07_D14,"{""index"":""20 per A cell or 15 per B cell"",""m"":""n+3"",""n"":""integer"",""score"":""integer"",""tag"":""safe_ascii_token""}",required for DynamoDB; all others are render-only,AF_07
Y1_R07_D15_SLOTS,Y1_R07_D15,"{""index"":""20 per A cell or 15 per B cell"",""m"":""n+3"",""n"":""integer"",""score"":""integer"",""tag"":""safe_ascii_token""}",required for DynamoDB; all others are render-only,AF_07
Y1_R07_D16_SLOTS,Y1_R07_D16,"{""index"":""20 per A cell or 15 per B cell"",""m"":""n+3"",""n"":""integer"",""score"":""integer"",""tag"":""safe_ascii_token""}",required for DynamoDB; all others are render-only,AF_07
Y1_R07_D17_SLOTS,Y1_R07_D17,"{""index"":""20 per A cell or 15 per B cell"",""m"":""n+3"",""n"":""integer"",""score"":""integer"",""tag"":""safe_ascii_token""}",required for DynamoDB; all others are render-only,AF_07
Y1_R07_D18_SLOTS,Y1_R07_D18,"{""index"":""20 per A cell or 15 per B cell"",""m"":""n+3"",""n"":""integer"",""score"":""integer"",""tag"":""safe_ascii_token""}",required for DynamoDB; all others are render-only,AF_07
Y1_R08_D01_SLOTS,Y1_R08_D01,"{""index"":""20 per A cell or 15 per B cell"",""m"":""n+3"",""n"":""integer"",""score"":""integer"",""tag"":""safe_ascii_token""}",required for DynamoDB; all others are render-only,AF_08
Y1_R08_D02_SLOTS,Y1_R08_D02,"{""index"":""20 per A cell or 15 per B cell"",""m"":""n+3"",""n"":""integer"",""score"":""integer"",""tag"":""safe_ascii_token""}",required for DynamoDB; all others are render-only,AF_08
Y1_R08_D03_SLOTS,Y1_R08_D03,"{""index"":""20 per A cell or 15 per B cell"",""m"":""n+3"",""n"":""integer"",""score"":""integer"",""tag"":""safe_ascii_token""}",required for DynamoDB; all others are render-only,AF_08
Y1_R08_D04_SLOTS,Y1_R08_D04,"{""index"":""20 per A cell or 15 per B cell"",""m"":""n+3"",""n"":""integer"",""score"":""integer"",""tag"":""safe_ascii_token""}",required for DynamoDB; all others are render-only,AF_08
Y1_R08_D05_SLOTS,Y1_R08_D05,"{""index"":""20 per A cell or 15 per B cell"",""m"":""n+3"",""n"":""integer"",""score"":""integer"",""tag"":""safe_ascii_token""}",required for DynamoDB; all others are render-only,AF_08
Y1_R08_D06_SLOTS,Y1_R08_D06,"{""index"":""20 per A cell or 15 per B cell"",""m"":""n+3"",""n"":""integer"",""score"":""integer"",""tag"":""safe_ascii_token""}",required for DynamoDB; all others are render-only,AF_08
Y1_R08_D07_SLOTS,Y1_R08_D07,"{""index"":""20 per A cell or 15 per B cell"",""m"":""n+3"",""n"":""integer"",""score"":""integer"",""tag"":""safe_ascii_token""}",required for DynamoDB; all others are render-only,AF_08
Y1_R08_D08_SLOTS,Y1_R08_D08,"{""index"":""20 per A cell or 15 per B cell"",""m"":""n+3"",""n"":""integer"",""score"":""integer"",""tag"":""safe_ascii_token""}",required for DynamoDB; all others are render-only,AF_08
Y1_R08_D09_SLOTS,Y1_R08_D09,"{""index"":""20 per A cell or 15 per B cell"",""m"":""n+3"",""n"":""integer"",""score"":""integer"",""tag"":""safe_ascii_token""}",required for DynamoDB; all others are render-only,AF_08
Y1_R08_D10_SLOTS,Y1_R08_D10,"{""index"":""20 per A cell or 15 per B cell"",""m"":""n+3"",""n"":""integer"",""score"":""integer"",""tag"":""safe_ascii_token""}",required for DynamoDB; all others are render-only,AF_08
Y1_R08_D11_SLOTS,Y1_R08_D11,"{""index"":""20 per A cell or 15 per B cell"",""m"":""n+3"",""n"":""integer"",""score"":""integer"",""tag"":""safe_ascii_token""}",required for DynamoDB; all others are render-only,AF_08
Y1_R08_D12_SLOTS,Y1_R08_D12,"{""index"":""20 per A cell or 15 per B cell"",""m"":""n+3"",""n"":""integer"",""score"":""integer"",""tag"":""safe_ascii_token""}",required for DynamoDB; all others are render-only,AF_08
Y1_R08_D13_SLOTS,Y1_R08_D13,"{""index"":""20 per A cell or 15 per B cell"",""m"":""n+3"",""n"":""integer"",""score"":""integer"",""tag"":""safe_ascii_token""}",required for DynamoDB; all others are render-only,AF_08
Y1_R08_D14_SLOTS,Y1_R08_D14,"{""index"":""20 per A cell or 15 per B cell"",""m"":""n+3"",""n"":""integer"",""score"":""integer"",""tag"":""safe_ascii_token""}",required for DynamoDB; all others are render-only,AF_08
Y1_R08_D15_SLOTS,Y1_R08_D15,"{""index"":""20 per A cell or 15 per B cell"",""m"":""n+3"",""n"":""integer"",""score"":""integer"",""tag"":""safe_ascii_token""}",required for DynamoDB; all others are render-only,AF_08
Y1_R08_D16_SLOTS,Y1_R08_D16,"{""index"":""20 per A cell or 15 per B cell"",""m"":""n+3"",""n"":""integer"",""score"":""integer"",""tag"":""safe_ascii_token""}",required for DynamoDB; all others are render-only,AF_08
Y1_R08_D17_SLOTS,Y1_R08_D17,"{""index"":""20 per A cell or 15 per B cell"",""m"":""n+3"",""n"":""integer"",""score"":""integer"",""tag"":""safe_ascii_token""}",required for DynamoDB; all others are render-only,AF_08
Y1_R08_D18_SLOTS,Y1_R08_D18,"{""index"":""20 per A cell or 15 per B cell"",""m"":""n+3"",""n"":""integer"",""score"":""integer"",""tag"":""safe_ascii_token""}",required for DynamoDB; all others are render-only,AF_08
Y1_R09_D01_SLOTS,Y1_R09_D01,"{""index"":""20 per A cell or 15 per B cell"",""m"":""n+3"",""n"":""integer"",""score"":""integer"",""tag"":""safe_ascii_token""}",required for DynamoDB; all others are render-only,AF_09
Y1_R09_D02_SLOTS,Y1_R09_D02,"{""index"":""20 per A cell or 15 per B cell"",""m"":""n+3"",""n"":""integer"",""score"":""integer"",""tag"":""safe_ascii_token""}",required for DynamoDB; all others are render-only,AF_09
Y1_R09_D03_SLOTS,Y1_R09_D03,"{""index"":""20 per A cell or 15 per B cell"",""m"":""n+3"",""n"":""integer"",""score"":""integer"",""tag"":""safe_ascii_token""}",required for DynamoDB; all others are render-only,AF_09
Y1_R09_D04_SLOTS,Y1_R09_D04,"{""index"":""20 per A cell or 15 per B cell"",""m"":""n+3"",""n"":""integer"",""score"":""integer"",""tag"":""safe_ascii_token""}",required for DynamoDB; all others are render-only,AF_09
Y1_R09_D05_SLOTS,Y1_R09_D05,"{""index"":""20 per A cell or 15 per B cell"",""m"":""n+3"",""n"":""integer"",""score"":""integer"",""tag"":""safe_ascii_token""}",required for DynamoDB; all others are render-only,AF_09
Y1_R09_D06_SLOTS,Y1_R09_D06,"{""index"":""20 per A cell or 15 per B cell"",""m"":""n+3"",""n"":""integer"",""score"":""integer"",""tag"":""safe_ascii_token""}",required for DynamoDB; all others are render-only,AF_09
Y1_R09_D07_SLOTS,Y1_R09_D07,"{""index"":""20 per A cell or 15 per B cell"",""m"":""n+3"",""n"":""integer"",""score"":""integer"",""tag"":""safe_ascii_token""}",required for DynamoDB; all others are render-only,AF_09
Y1_R09_D08_SLOTS,Y1_R09_D08,"{""index"":""20 per A cell or 15 per B cell"",""m"":""n+3"",""n"":""integer"",""score"":""integer"",""tag"":""safe_ascii_token""}",required for DynamoDB; all others are render-only,AF_09
Y1_R09_D09_SLOTS,Y1_R09_D09,"{""index"":""20 per A cell or 15 per B cell"",""m"":""n+3"",""n"":""integer"",""score"":""integer"",""tag"":""safe_ascii_token""}",required for DynamoDB; all others are render-only,AF_09
Y1_R09_D10_SLOTS,Y1_R09_D10,"{""index"":""20 per A cell or 15 per B cell"",""m"":""n+3"",""n"":""integer"",""score"":""integer"",""tag"":""safe_ascii_token""}",required for DynamoDB; all others are render-only,AF_09
Y1_R09_D11_SLOTS,Y1_R09_D11,"{""index"":""20 per A cell or 15 per B cell"",""m"":""n+3"",""n"":""integer"",""score"":""integer"",""tag"":""safe_ascii_token""}",required for DynamoDB; all others are render-only,AF_09
Y1_R09_D12_SLOTS,Y1_R09_D12,"{""index"":""20 per A cell or 15 per B cell"",""m"":""n+3"",""n"":""integer"",""score"":""integer"",""tag"":""safe_ascii_token""}",required for DynamoDB; all others are render-only,AF_09
Y1_R09_D13_SLOTS,Y1_R09_D13,"{""index"":""20 per A cell or 15 per B cell"",""m"":""n+3"",""n"":""integer"",""score"":""integer"",""tag"":""safe_ascii_token""}",required for DynamoDB; all others are render-only,AF_09
Y1_R09_D14_SLOTS,Y1_R09_D14,"{""index"":""20 per A cell or 15 per B cell"",""m"":""n+3"",""n"":""integer"",""score"":""integer"",""tag"":""safe_ascii_token""}",required for DynamoDB; all others are render-only,AF_09
Y1_R09_D15_SLOTS,Y1_R09_D15,"{""index"":""20 per A cell or 15 per B cell"",""m"":""n+3"",""n"":""integer"",""score"":""integer"",""tag"":""safe_ascii_token""}",required for DynamoDB; all others are render-only,AF_09
Y1_R09_D16_SLOTS,Y1_R09_D16,"{""index"":""20 per A cell or 15 per B cell"",""m"":""n+3"",""n"":""integer"",""score"":""integer"",""tag"":""safe_ascii_token""}",required for DynamoDB; all others are render-only,AF_09
Y1_R09_D17_SLOTS,Y1_R09_D17,"{""index"":""20 per A cell or 15 per B cell"",""m"":""n+3"",""n"":""integer"",""score"":""integer"",""tag"":""safe_ascii_token""}",required for DynamoDB; all others are render-only,AF_09
Y1_R09_D18_SLOTS,Y1_R09_D18,"{""index"":""20 per A cell or 15 per B cell"",""m"":""n+3"",""n"":""integer"",""score"":""integer"",""tag"":""safe_ascii_token""}",required for DynamoDB; all others are render-only,AF_09
Y1_R10_D01_SLOTS,Y1_R10_D01,"{""index"":""20 per A cell or 15 per B cell"",""m"":""n+3"",""n"":""integer"",""score"":""integer"",""tag"":""safe_ascii_token""}",required for DynamoDB; all others are render-only,AF_10
Y1_R10_D02_SLOTS,Y1_R10_D02,"{""index"":""20 per A cell or 15 per B cell"",""m"":""n+3"",""n"":""integer"",""score"":""integer"",""tag"":""safe_ascii_token""}",required for DynamoDB; all others are render-only,AF_10
Y1_R10_D03_SLOTS,Y1_R10_D03,"{""index"":""20 per A cell or 15 per B cell"",""m"":""n+3"",""n"":""integer"",""score"":""integer"",""tag"":""safe_ascii_token""}",required for DynamoDB; all others are render-only,AF_10
Y1_R10_D04_SLOTS,Y1_R10_D04,"{""index"":""20 per A cell or 15 per B cell"",""m"":""n+3"",""n"":""integer"",""score"":""integer"",""tag"":""safe_ascii_token""}",required for DynamoDB; all others are render-only,AF_10
Y1_R10_D05_SLOTS,Y1_R10_D05,"{""index"":""20 per A cell or 15 per B cell"",""m"":""n+3"",""n"":""integer"",""score"":""integer"",""tag"":""safe_ascii_token""}",required for DynamoDB; all others are render-only,AF_10
Y1_R10_D06_SLOTS,Y1_R10_D06,"{""index"":""20 per A cell or 15 per B cell"",""m"":""n+3"",""n"":""integer"",""score"":""integer"",""tag"":""safe_ascii_token""}",required for DynamoDB; all others are render-only,AF_10
Y1_R10_D07_SLOTS,Y1_R10_D07,"{""index"":""20 per A cell or 15 per B cell"",""m"":""n+3"",""n"":""integer"",""score"":""integer"",""tag"":""safe_ascii_token""}",required for DynamoDB; all others are render-only,AF_10
Y1_R10_D08_SLOTS,Y1_R10_D08,"{""index"":""20 per A cell or 15 per B cell"",""m"":""n+3"",""n"":""integer"",""score"":""integer"",""tag"":""safe_ascii_token""}",required for DynamoDB; all others are render-only,AF_10
Y1_R10_D09_SLOTS,Y1_R10_D09,"{""index"":""20 per A cell or 15 per B cell"",""m"":""n+3"",""n"":""integer"",""score"":""integer"",""tag"":""safe_ascii_token""}",required for DynamoDB; all others are render-only,AF_10
Y1_R10_D10_SLOTS,Y1_R10_D10,"{""index"":""20 per A cell or 15 per B cell"",""m"":""n+3"",""n"":""integer"",""score"":""integer"",""tag"":""safe_ascii_token""}",required for DynamoDB; all others are render-only,AF_10
Y1_R10_D11_SLOTS,Y1_R10_D11,"{""index"":""20 per A cell or 15 per B cell"",""m"":""n+3"",""n"":""integer"",""score"":""integer"",""tag"":""safe_ascii_token""}",required for DynamoDB; all others are render-only,AF_10
Y1_R10_D12_SLOTS,Y1_R10_D12,"{""index"":""20 per A cell or 15 per B cell"",""m"":""n+3"",""n"":""integer"",""score"":""integer"",""tag"":""safe_ascii_token""}",required for DynamoDB; all others are render-only,AF_10
Y1_R10_D13_SLOTS,Y1_R10_D13,"{""index"":""20 per A cell or 15 per B cell"",""m"":""n+3"",""n"":""integer"",""score"":""integer"",""tag"":""safe_ascii_token""}",required for DynamoDB; all others are render-only,AF_10
Y1_R10_D14_SLOTS,Y1_R10_D14,"{""index"":""20 per A cell or 15 per B cell"",""m"":""n+3"",""n"":""integer"",""score"":""integer"",""tag"":""safe_ascii_token""}",required for DynamoDB; all others are render-only,AF_10
Y1_R10_D15_SLOTS,Y1_R10_D15,"{""index"":""20 per A cell or 15 per B cell"",""m"":""n+3"",""n"":""integer"",""score"":""integer"",""tag"":""safe_ascii_token""}",required for DynamoDB; all others are render-only,AF_10
Y1_R10_D16_SLOTS,Y1_R10_D16,"{""index"":""20 per A cell or 15 per B cell"",""m"":""n+3"",""n"":""integer"",""score"":""integer"",""tag"":""safe_ascii_token""}",required for DynamoDB; all others are render-only,AF_10
Y1_R10_D17_SLOTS,Y1_R10_D17,"{""index"":""20 per A cell or 15 per B cell"",""m"":""n+3"",""n"":""integer"",""score"":""integer"",""tag"":""safe_ascii_token""}",required for DynamoDB; all others are render-only,AF_10
Y1_R10_D18_SLOTS,Y1_R10_D18,"{""index"":""20 per A cell or 15 per B cell"",""m"":""n+3"",""n"":""integer"",""score"":""integer"",""tag"":""safe_ascii_token""}",required for DynamoDB; all others are render-only,AF_10
Y1_R11_D01_SLOTS,Y1_R11_D01,"{""index"":""20 per A cell or 15 per B cell"",""m"":""n+3"",""n"":""integer"",""score"":""integer"",""tag"":""safe_ascii_token""}",required for DynamoDB; all others are render-only,AF_11
Y1_R11_D02_SLOTS,Y1_R11_D02,"{""index"":""20 per A cell or 15 per B cell"",""m"":""n+3"",""n"":""integer"",""score"":""integer"",""tag"":""safe_ascii_token""}",required for DynamoDB; all others are render-only,AF_11
Y1_R11_D03_SLOTS,Y1_R11_D03,"{""index"":""20 per A cell or 15 per B cell"",""m"":""n+3"",""n"":""integer"",""score"":""integer"",""tag"":""safe_ascii_token""}",required for DynamoDB; all others are render-only,AF_11
Y1_R11_D04_SLOTS,Y1_R11_D04,"{""index"":""20 per A cell or 15 per B cell"",""m"":""n+3"",""n"":""integer"",""score"":""integer"",""tag"":""safe_ascii_token""}",required for DynamoDB; all others are render-only,AF_11
Y1_R11_D05_SLOTS,Y1_R11_D05,"{""index"":""20 per A cell or 15 per B cell"",""m"":""n+3"",""n"":""integer"",""score"":""integer"",""tag"":""safe_ascii_token""}",required for DynamoDB; all others are render-only,AF_11
Y1_R11_D06_SLOTS,Y1_R11_D06,"{""index"":""20 per A cell or 15 per B cell"",""m"":""n+3"",""n"":""integer"",""score"":""integer"",""tag"":""safe_ascii_token""}",required for DynamoDB; all others are render-only,AF_11
Y1_R11_D07_SLOTS,Y1_R11_D07,"{""index"":""20 per A cell or 15 per B cell"",""m"":""n+3"",""n"":""integer"",""score"":""integer"",""tag"":""safe_ascii_token""}",required for DynamoDB; all others are render-only,AF_11
Y1_R11_D08_SLOTS,Y1_R11_D08,"{""index"":""20 per A cell or 15 per B cell"",""m"":""n+3"",""n"":""integer"",""score"":""integer"",""tag"":""safe_ascii_token""}",required for DynamoDB; all others are render-only,AF_11
Y1_R11_D09_SLOTS,Y1_R11_D09,"{""index"":""20 per A cell or 15 per B cell"",""m"":""n+3"",""n"":""integer"",""score"":""integer"",""tag"":""safe_ascii_token""}",required for DynamoDB; all others are render-only,AF_11
Y1_R11_D10_SLOTS,Y1_R11_D10,"{""index"":""20 per A cell or 15 per B cell"",""m"":""n+3"",""n"":""integer"",""score"":""integer"",""tag"":""safe_ascii_token""}",required for DynamoDB; all others are render-only,AF_11
Y1_R11_D11_SLOTS,Y1_R11_D11,"{""index"":""20 per A cell or 15 per B cell"",""m"":""n+3"",""n"":""integer"",""score"":""integer"",""tag"":""safe_ascii_token""}",required for DynamoDB; all others are render-only,AF_11
Y1_R11_D12_SLOTS,Y1_R11_D12,"{""index"":""20 per A cell or 15 per B cell"",""m"":""n+3"",""n"":""integer"",""score"":""integer"",""tag"":""safe_ascii_token""}",required for DynamoDB; all others are render-only,AF_11
Y1_R11_D13_SLOTS,Y1_R11_D13,"{""index"":""20 per A cell or 15 per B cell"",""m"":""n+3"",""n"":""integer"",""score"":""integer"",""tag"":""safe_ascii_token""}",required for DynamoDB; all others are render-only,AF_11
Y1_R11_D14_SLOTS,Y1_R11_D14,"{""index"":""20 per A cell or 15 per B cell"",""m"":""n+3"",""n"":""integer"",""score"":""integer"",""tag"":""safe_ascii_token""}",required for DynamoDB; all others are render-only,AF_11
Y1_R11_D15_SLOTS,Y1_R11_D15,"{""index"":""20 per A cell or 15 per B cell"",""m"":""n+3"",""n"":""integer"",""score"":""integer"",""tag"":""safe_ascii_token""}",required for DynamoDB; all others are render-only,AF_11
Y1_R11_D16_SLOTS,Y1_R11_D16,"{""index"":""20 per A cell or 15 per B cell"",""m"":""n+3"",""n"":""integer"",""score"":""integer"",""tag"":""safe_ascii_token""}",required for DynamoDB; all others are render-only,AF_11
Y1_R11_D17_SLOTS,Y1_R11_D17,"{""index"":""20 per A cell or 15 per B cell"",""m"":""n+3"",""n"":""integer"",""score"":""integer"",""tag"":""safe_ascii_token""}",required for DynamoDB; all others are render-only,AF_11
Y1_R11_D18_SLOTS,Y1_R11_D18,"{""index"":""20 per A cell or 15 per B cell"",""m"":""n+3"",""n"":""integer"",""score"":""integer"",""tag"":""safe_ascii_token""}",required for DynamoDB; all others are render-only,AF_11
Y1_R12_D01_SLOTS,Y1_R12_D01,"{""index"":""20 per A cell or 15 per B cell"",""m"":""n+3"",""n"":""integer"",""score"":""integer"",""tag"":""safe_ascii_token""}",required for DynamoDB; all others are render-only,AF_12
Y1_R12_D02_SLOTS,Y1_R12_D02,"{""index"":""20 per A cell or 15 per B cell"",""m"":""n+3"",""n"":""integer"",""score"":""integer"",""tag"":""safe_ascii_token""}",required for DynamoDB; all others are render-only,AF_12
Y1_R12_D03_SLOTS,Y1_R12_D03,"{""index"":""20 per A cell or 15 per B cell"",""m"":""n+3"",""n"":""integer"",""score"":""integer"",""tag"":""safe_ascii_token""}",required for DynamoDB; all others are render-only,AF_12
Y1_R12_D04_SLOTS,Y1_R12_D04,"{""index"":""20 per A cell or 15 per B cell"",""m"":""n+3"",""n"":""integer"",""score"":""integer"",""tag"":""safe_ascii_token""}",required for DynamoDB; all others are render-only,AF_12
Y1_R12_D05_SLOTS,Y1_R12_D05,"{""index"":""20 per A cell or 15 per B cell"",""m"":""n+3"",""n"":""integer"",""score"":""integer"",""tag"":""safe_ascii_token""}",required for DynamoDB; all others are render-only,AF_12
Y1_R12_D06_SLOTS,Y1_R12_D06,"{""index"":""20 per A cell or 15 per B cell"",""m"":""n+3"",""n"":""integer"",""score"":""integer"",""tag"":""safe_ascii_token""}",required for DynamoDB; all others are render-only,AF_12
Y1_R12_D07_SLOTS,Y1_R12_D07,"{""index"":""20 per A cell or 15 per B cell"",""m"":""n+3"",""n"":""integer"",""score"":""integer"",""tag"":""safe_ascii_token""}",required for DynamoDB; all others are render-only,AF_12
Y1_R12_D08_SLOTS,Y1_R12_D08,"{""index"":""20 per A cell or 15 per B cell"",""m"":""n+3"",""n"":""integer"",""score"":""integer"",""tag"":""safe_ascii_token""}",required for DynamoDB; all others are render-only,AF_12
Y1_R12_D09_SLOTS,Y1_R12_D09,"{""index"":""20 per A cell or 15 per B cell"",""m"":""n+3"",""n"":""integer"",""score"":""integer"",""tag"":""safe_ascii_token""}",required for DynamoDB; all others are render-only,AF_12
Y1_R12_D10_SLOTS,Y1_R12_D10,"{""index"":""20 per A cell or 15 per B cell"",""m"":""n+3"",""n"":""integer"",""score"":""integer"",""tag"":""safe_ascii_token""}",required for DynamoDB; all others are render-only,AF_12
Y1_R12_D11_SLOTS,Y1_R12_D11,"{""index"":""20 per A cell or 15 per B cell"",""m"":""n+3"",""n"":""integer"",""score"":""integer"",""tag"":""safe_ascii_token""}",required for DynamoDB; all others are render-only,AF_12
Y1_R12_D12_SLOTS,Y1_R12_D12,"{""index"":""20 per A cell or 15 per B cell"",""m"":""n+3"",""n"":""integer"",""score"":""integer"",""tag"":""safe_ascii_token""}",required for DynamoDB; all others are render-only,AF_12
Y1_R12_D13_SLOTS,Y1_R12_D13,"{""index"":""20 per A cell or 15 per B cell"",""m"":""n+3"",""n"":""integer"",""score"":""integer"",""tag"":""safe_ascii_token""}",required for DynamoDB; all others are render-only,AF_12
Y1_R12_D14_SLOTS,Y1_R12_D14,"{""index"":""20 per A cell or 15 per B cell"",""m"":""n+3"",""n"":""integer"",""score"":""integer"",""tag"":""safe_ascii_token""}",required for DynamoDB; all others are render-only,AF_12
Y1_R12_D15_SLOTS,Y1_R12_D15,"{""index"":""20 per A cell or 15 per B cell"",""m"":""n+3"",""n"":""integer"",""score"":""integer"",""tag"":""safe_ascii_token""}",required for DynamoDB; all others are render-only,AF_12
Y1_R12_D16_SLOTS,Y1_R12_D16,"{""index"":""20 per A cell or 15 per B cell"",""m"":""n+3"",""n"":""integer"",""score"":""integer"",""tag"":""safe_ascii_token""}",required for DynamoDB; all others are render-only,AF_12
Y1_R12_D17_SLOTS,Y1_R12_D17,"{""index"":""20 per A cell or 15 per B cell"",""m"":""n+3"",""n"":""integer"",""score"":""integer"",""tag"":""safe_ascii_token""}",required for DynamoDB; all others are render-only,AF_12
Y1_R12_D18_SLOTS,Y1_R12_D18,"{""index"":""20 per A cell or 15 per B cell"",""m"":""n+3"",""n"":""integer"",""score"":""integer"",""tag"":""safe_ascii_token""}",required for DynamoDB; all others are render-only,AF_12
Y1_R13_D01_SLOTS,Y1_R13_D01,"{""index"":""20 per A cell or 15 per B cell"",""m"":""n+3"",""n"":""integer"",""score"":""integer"",""tag"":""safe_ascii_token""}",required for DynamoDB; all others are render-only,AF_13
Y1_R13_D02_SLOTS,Y1_R13_D02,"{""index"":""20 per A cell or 15 per B cell"",""m"":""n+3"",""n"":""integer"",""score"":""integer"",""tag"":""safe_ascii_token""}",required for DynamoDB; all others are render-only,AF_13
Y1_R13_D03_SLOTS,Y1_R13_D03,"{""index"":""20 per A cell or 15 per B cell"",""m"":""n+3"",""n"":""integer"",""score"":""integer"",""tag"":""safe_ascii_token""}",required for DynamoDB; all others are render-only,AF_13
Y1_R13_D04_SLOTS,Y1_R13_D04,"{""index"":""20 per A cell or 15 per B cell"",""m"":""n+3"",""n"":""integer"",""score"":""integer"",""tag"":""safe_ascii_token""}",required for DynamoDB; all others are render-only,AF_13
Y1_R13_D05_SLOTS,Y1_R13_D05,"{""index"":""20 per A cell or 15 per B cell"",""m"":""n+3"",""n"":""integer"",""score"":""integer"",""tag"":""safe_ascii_token""}",required for DynamoDB; all others are render-only,AF_13
Y1_R13_D06_SLOTS,Y1_R13_D06,"{""index"":""20 per A cell or 15 per B cell"",""m"":""n+3"",""n"":""integer"",""score"":""integer"",""tag"":""safe_ascii_token""}",required for DynamoDB; all others are render-only,AF_13
Y1_R13_D07_SLOTS,Y1_R13_D07,"{""index"":""20 per A cell or 15 per B cell"",""m"":""n+3"",""n"":""integer"",""score"":""integer"",""tag"":""safe_ascii_token""}",required for DynamoDB; all others are render-only,AF_13
Y1_R13_D08_SLOTS,Y1_R13_D08,"{""index"":""20 per A cell or 15 per B cell"",""m"":""n+3"",""n"":""integer"",""score"":""integer"",""tag"":""safe_ascii_token""}",required for DynamoDB; all others are render-only,AF_13
Y1_R13_D09_SLOTS,Y1_R13_D09,"{""index"":""20 per A cell or 15 per B cell"",""m"":""n+3"",""n"":""integer"",""score"":""integer"",""tag"":""safe_ascii_token""}",required for DynamoDB; all others are render-only,AF_13
Y1_R13_D10_SLOTS,Y1_R13_D10,"{""index"":""20 per A cell or 15 per B cell"",""m"":""n+3"",""n"":""integer"",""score"":""integer"",""tag"":""safe_ascii_token""}",required for DynamoDB; all others are render-only,AF_13
Y1_R13_D11_SLOTS,Y1_R13_D11,"{""index"":""20 per A cell or 15 per B cell"",""m"":""n+3"",""n"":""integer"",""score"":""integer"",""tag"":""safe_ascii_token""}",required for DynamoDB; all others are render-only,AF_13
Y1_R13_D12_SLOTS,Y1_R13_D12,"{""index"":""20 per A cell or 15 per B cell"",""m"":""n+3"",""n"":""integer"",""score"":""integer"",""tag"":""safe_ascii_token""}",required for DynamoDB; all others are render-only,AF_13
Y1_R13_D13_SLOTS,Y1_R13_D13,"{""index"":""20 per A cell or 15 per B cell"",""m"":""n+3"",""n"":""integer"",""score"":""integer"",""tag"":""safe_ascii_token""}",required for DynamoDB; all others are render-only,AF_13
Y1_R13_D14_SLOTS,Y1_R13_D14,"{""index"":""20 per A cell or 15 per B cell"",""m"":""n+3"",""n"":""integer"",""score"":""integer"",""tag"":""safe_ascii_token""}",required for DynamoDB; all others are render-only,AF_13
Y1_R13_D15_SLOTS,Y1_R13_D15,"{""index"":""20 per A cell or 15 per B cell"",""m"":""n+3"",""n"":""integer"",""score"":""integer"",""tag"":""safe_ascii_token""}",required for DynamoDB; all others are render-only,AF_13
Y1_R13_D16_SLOTS,Y1_R13_D16,"{""index"":""20 per A cell or 15 per B cell"",""m"":""n+3"",""n"":""integer"",""score"":""integer"",""tag"":""safe_ascii_token""}",required for DynamoDB; all others are render-only,AF_13
Y1_R13_D17_SLOTS,Y1_R13_D17,"{""index"":""20 per A cell or 15 per B cell"",""m"":""n+3"",""n"":""integer"",""score"":""integer"",""tag"":""safe_ascii_token""}",required for DynamoDB; all others are render-only,AF_13
Y1_R13_D18_SLOTS,Y1_R13_D18,"{""index"":""20 per A cell or 15 per B cell"",""m"":""n+3"",""n"":""integer"",""score"":""integer"",""tag"":""safe_ascii_token""}",required for DynamoDB; all others are render-only,AF_13
Y1_R14_D01_SLOTS,Y1_R14_D01,"{""index"":""20 per A cell or 15 per B cell"",""m"":""n+3"",""n"":""integer"",""score"":""integer"",""tag"":""safe_ascii_token""}",required for DynamoDB; all others are render-only,AF_14
Y1_R14_D02_SLOTS,Y1_R14_D02,"{""index"":""20 per A cell or 15 per B cell"",""m"":""n+3"",""n"":""integer"",""score"":""integer"",""tag"":""safe_ascii_token""}",required for DynamoDB; all others are render-only,AF_14
Y1_R14_D03_SLOTS,Y1_R14_D03,"{""index"":""20 per A cell or 15 per B cell"",""m"":""n+3"",""n"":""integer"",""score"":""integer"",""tag"":""safe_ascii_token""}",required for DynamoDB; all others are render-only,AF_14
Y1_R14_D04_SLOTS,Y1_R14_D04,"{""index"":""20 per A cell or 15 per B cell"",""m"":""n+3"",""n"":""integer"",""score"":""integer"",""tag"":""safe_ascii_token""}",required for DynamoDB; all others are render-only,AF_14
Y1_R14_D05_SLOTS,Y1_R14_D05,"{""index"":""20 per A cell or 15 per B cell"",""m"":""n+3"",""n"":""integer"",""score"":""integer"",""tag"":""safe_ascii_token""}",required for DynamoDB; all others are render-only,AF_14
Y1_R14_D06_SLOTS,Y1_R14_D06,"{""index"":""20 per A cell or 15 per B cell"",""m"":""n+3"",""n"":""integer"",""score"":""integer"",""tag"":""safe_ascii_token""}",required for DynamoDB; all others are render-only,AF_14
Y1_R14_D07_SLOTS,Y1_R14_D07,"{""index"":""20 per A cell or 15 per B cell"",""m"":""n+3"",""n"":""integer"",""score"":""integer"",""tag"":""safe_ascii_token""}",required for DynamoDB; all others are render-only,AF_14
Y1_R14_D08_SLOTS,Y1_R14_D08,"{""index"":""20 per A cell or 15 per B cell"",""m"":""n+3"",""n"":""integer"",""score"":""integer"",""tag"":""safe_ascii_token""}",required for DynamoDB; all others are render-only,AF_14
Y1_R14_D09_SLOTS,Y1_R14_D09,"{""index"":""20 per A cell or 15 per B cell"",""m"":""n+3"",""n"":""integer"",""score"":""integer"",""tag"":""safe_ascii_token""}",required for DynamoDB; all others are render-only,AF_14
Y1_R14_D10_SLOTS,Y1_R14_D10,"{""index"":""20 per A cell or 15 per B cell"",""m"":""n+3"",""n"":""integer"",""score"":""integer"",""tag"":""safe_ascii_token""}",required for DynamoDB; all others are render-only,AF_14
Y1_R14_D11_SLOTS,Y1_R14_D11,"{""index"":""20 per A cell or 15 per B cell"",""m"":""n+3"",""n"":""integer"",""score"":""integer"",""tag"":""safe_ascii_token""}",required for DynamoDB; all others are render-only,AF_14
Y1_R14_D12_SLOTS,Y1_R14_D12,"{""index"":""20 per A cell or 15 per B cell"",""m"":""n+3"",""n"":""integer"",""score"":""integer"",""tag"":""safe_ascii_token""}",required for DynamoDB; all others are render-only,AF_14
Y1_R14_D13_SLOTS,Y1_R14_D13,"{""index"":""20 per A cell or 15 per B cell"",""m"":""n+3"",""n"":""integer"",""score"":""integer"",""tag"":""safe_ascii_token""}",required for DynamoDB; all others are render-only,AF_14
Y1_R14_D14_SLOTS,Y1_R14_D14,"{""index"":""20 per A cell or 15 per B cell"",""m"":""n+3"",""n"":""integer"",""score"":""integer"",""tag"":""safe_ascii_token""}",required for DynamoDB; all others are render-only,AF_14
Y1_R14_D15_SLOTS,Y1_R14_D15,"{""index"":""20 per A cell or 15 per B cell"",""m"":""n+3"",""n"":""integer"",""score"":""integer"",""tag"":""safe_ascii_token""}",required for DynamoDB; all others are render-only,AF_14
Y1_R14_D16_SLOTS,Y1_R14_D16,"{""index"":""20 per A cell or 15 per B cell"",""m"":""n+3"",""n"":""integer"",""score"":""integer"",""tag"":""safe_ascii_token""}",required for DynamoDB; all others are render-only,AF_14
Y1_R14_D17_SLOTS,Y1_R14_D17,"{""index"":""20 per A cell or 15 per B cell"",""m"":""n+3"",""n"":""integer"",""score"":""integer"",""tag"":""safe_ascii_token""}",required for DynamoDB; all others are render-only,AF_14
Y1_R14_D18_SLOTS,Y1_R14_D18,"{""index"":""20 per A cell or 15 per B cell"",""m"":""n+3"",""n"":""integer"",""score"":""integer"",""tag"":""safe_ascii_token""}",required for DynamoDB; all others are render-only,AF_14
Y1_R15_D01_SLOTS,Y1_R15_D01,"{""index"":""20 per A cell or 15 per B cell"",""m"":""n+3"",""n"":""integer"",""score"":""integer"",""tag"":""safe_ascii_token""}",required for DynamoDB; all others are render-only,AF_15
Y1_R15_D02_SLOTS,Y1_R15_D02,"{""index"":""20 per A cell or 15 per B cell"",""m"":""n+3"",""n"":""integer"",""score"":""integer"",""tag"":""safe_ascii_token""}",required for DynamoDB; all others are render-only,AF_15
Y1_R15_D03_SLOTS,Y1_R15_D03,"{""index"":""20 per A cell or 15 per B cell"",""m"":""n+3"",""n"":""integer"",""score"":""integer"",""tag"":""safe_ascii_token""}",required for DynamoDB; all others are render-only,AF_15
Y1_R15_D04_SLOTS,Y1_R15_D04,"{""index"":""20 per A cell or 15 per B cell"",""m"":""n+3"",""n"":""integer"",""score"":""integer"",""tag"":""safe_ascii_token""}",required for DynamoDB; all others are render-only,AF_15
Y1_R15_D05_SLOTS,Y1_R15_D05,"{""index"":""20 per A cell or 15 per B cell"",""m"":""n+3"",""n"":""integer"",""score"":""integer"",""tag"":""safe_ascii_token""}",required for DynamoDB; all others are render-only,AF_15
Y1_R15_D06_SLOTS,Y1_R15_D06,"{""index"":""20 per A cell or 15 per B cell"",""m"":""n+3"",""n"":""integer"",""score"":""integer"",""tag"":""safe_ascii_token""}",required for DynamoDB; all others are render-only,AF_15
Y1_R15_D07_SLOTS,Y1_R15_D07,"{""index"":""20 per A cell or 15 per B cell"",""m"":""n+3"",""n"":""integer"",""score"":""integer"",""tag"":""safe_ascii_token""}",required for DynamoDB; all others are render-only,AF_15
Y1_R15_D08_SLOTS,Y1_R15_D08,"{""index"":""20 per A cell or 15 per B cell"",""m"":""n+3"",""n"":""integer"",""score"":""integer"",""tag"":""safe_ascii_token""}",required for DynamoDB; all others are render-only,AF_15
Y1_R15_D09_SLOTS,Y1_R15_D09,"{""index"":""20 per A cell or 15 per B cell"",""m"":""n+3"",""n"":""integer"",""score"":""integer"",""tag"":""safe_ascii_token""}",required for DynamoDB; all others are render-only,AF_15
Y1_R15_D10_SLOTS,Y1_R15_D10,"{""index"":""20 per A cell or 15 per B cell"",""m"":""n+3"",""n"":""integer"",""score"":""integer"",""tag"":""safe_ascii_token""}",required for DynamoDB; all others are render-only,AF_15
Y1_R15_D11_SLOTS,Y1_R15_D11,"{""index"":""20 per A cell or 15 per B cell"",""m"":""n+3"",""n"":""integer"",""score"":""integer"",""tag"":""safe_ascii_token""}",required for DynamoDB; all others are render-only,AF_15
Y1_R15_D12_SLOTS,Y1_R15_D12,"{""index"":""20 per A cell or 15 per B cell"",""m"":""n+3"",""n"":""integer"",""score"":""integer"",""tag"":""safe_ascii_token""}",required for DynamoDB; all others are render-only,AF_15
Y1_R15_D13_SLOTS,Y1_R15_D13,"{""index"":""20 per A cell or 15 per B cell"",""m"":""n+3"",""n"":""integer"",""score"":""integer"",""tag"":""safe_ascii_token""}",required for DynamoDB; all others are render-only,AF_15
Y1_R15_D14_SLOTS,Y1_R15_D14,"{""index"":""20 per A cell or 15 per B cell"",""m"":""n+3"",""n"":""integer"",""score"":""integer"",""tag"":""safe_ascii_token""}",required for DynamoDB; all others are render-only,AF_15
Y1_R15_D15_SLOTS,Y1_R15_D15,"{""index"":""20 per A cell or 15 per B cell"",""m"":""n+3"",""n"":""integer"",""score"":""integer"",""tag"":""safe_ascii_token""}",required for DynamoDB; all others are render-only,AF_15
Y1_R15_D16_SLOTS,Y1_R15_D16,"{""index"":""20 per A cell or 15 per B cell"",""m"":""n+3"",""n"":""integer"",""score"":""integer"",""tag"":""safe_ascii_token""}",required for DynamoDB; all others are render-only,AF_15
Y1_R15_D17_SLOTS,Y1_R15_D17,"{""index"":""20 per A cell or 15 per B cell"",""m"":""n+3"",""n"":""integer"",""score"":""integer"",""tag"":""safe_ascii_token""}",required for DynamoDB; all others are render-only,AF_15
Y1_R15_D18_SLOTS,Y1_R15_D18,"{""index"":""20 per A cell or 15 per B cell"",""m"":""n+3"",""n"":""integer"",""score"":""integer"",""tag"":""safe_ascii_token""}",required for DynamoDB; all others are render-only,AF_15
Y1_R16_D01_SLOTS,Y1_R16_D01,"{""index"":""20 per A cell or 15 per B cell"",""m"":""n+3"",""n"":""integer"",""score"":""integer"",""tag"":""safe_ascii_token""}",required for DynamoDB; all others are render-only,AF_16
Y1_R16_D02_SLOTS,Y1_R16_D02,"{""index"":""20 per A cell or 15 per B cell"",""m"":""n+3"",""n"":""integer"",""score"":""integer"",""tag"":""safe_ascii_token""}",required for DynamoDB; all others are render-only,AF_16
Y1_R16_D03_SLOTS,Y1_R16_D03,"{""index"":""20 per A cell or 15 per B cell"",""m"":""n+3"",""n"":""integer"",""score"":""integer"",""tag"":""safe_ascii_token""}",required for DynamoDB; all others are render-only,AF_16
Y1_R16_D04_SLOTS,Y1_R16_D04,"{""index"":""20 per A cell or 15 per B cell"",""m"":""n+3"",""n"":""integer"",""score"":""integer"",""tag"":""safe_ascii_token""}",required for DynamoDB; all others are render-only,AF_16
Y1_R16_D05_SLOTS,Y1_R16_D05,"{""index"":""20 per A cell or 15 per B cell"",""m"":""n+3"",""n"":""integer"",""score"":""integer"",""tag"":""safe_ascii_token""}",required for DynamoDB; all others are render-only,AF_16
Y1_R16_D06_SLOTS,Y1_R16_D06,"{""index"":""20 per A cell or 15 per B cell"",""m"":""n+3"",""n"":""integer"",""score"":""integer"",""tag"":""safe_ascii_token""}",required for DynamoDB; all others are render-only,AF_16
Y1_R16_D07_SLOTS,Y1_R16_D07,"{""index"":""20 per A cell or 15 per B cell"",""m"":""n+3"",""n"":""integer"",""score"":""integer"",""tag"":""safe_ascii_token""}",required for DynamoDB; all others are render-only,AF_16
Y1_R16_D08_SLOTS,Y1_R16_D08,"{""index"":""20 per A cell or 15 per B cell"",""m"":""n+3"",""n"":""integer"",""score"":""integer"",""tag"":""safe_ascii_token""}",required for DynamoDB; all others are render-only,AF_16
Y1_R16_D09_SLOTS,Y1_R16_D09,"{""index"":""20 per A cell or 15 per B cell"",""m"":""n+3"",""n"":""integer"",""score"":""integer"",""tag"":""safe_ascii_token""}",required for DynamoDB; all others are render-only,AF_16
Y1_R16_D10_SLOTS,Y1_R16_D10,"{""index"":""20 per A cell or 15 per B cell"",""m"":""n+3"",""n"":""integer"",""score"":""integer"",""tag"":""safe_ascii_token""}",required for DynamoDB; all others are render-only,AF_16
Y1_R16_D11_SLOTS,Y1_R16_D11,"{""index"":""20 per A cell or 15 per B cell"",""m"":""n+3"",""n"":""integer"",""score"":""integer"",""tag"":""safe_ascii_token""}",required for DynamoDB; all others are render-only,AF_16
Y1_R16_D12_SLOTS,Y1_R16_D12,"{""index"":""20 per A cell or 15 per B cell"",""m"":""n+3"",""n"":""integer"",""score"":""integer"",""tag"":""safe_ascii_token""}",required for DynamoDB; all others are render-only,AF_16
Y1_R16_D13_SLOTS,Y1_R16_D13,"{""index"":""20 per A cell or 15 per B cell"",""m"":""n+3"",""n"":""integer"",""score"":""integer"",""tag"":""safe_ascii_token""}",required for DynamoDB; all others are render-only,AF_16
Y1_R16_D14_SLOTS,Y1_R16_D14,"{""index"":""20 per A cell or 15 per B cell"",""m"":""n+3"",""n"":""integer"",""score"":""integer"",""tag"":""safe_ascii_token""}",required for DynamoDB; all others are render-only,AF_16
Y1_R16_D15_SLOTS,Y1_R16_D15,"{""index"":""20 per A cell or 15 per B cell"",""m"":""n+3"",""n"":""integer"",""score"":""integer"",""tag"":""safe_ascii_token""}",required for DynamoDB; all others are render-only,AF_16
Y1_R16_D16_SLOTS,Y1_R16_D16,"{""index"":""20 per A cell or 15 per B cell"",""m"":""n+3"",""n"":""integer"",""score"":""integer"",""tag"":""safe_ascii_token""}",required for DynamoDB; all others are render-only,AF_16
Y1_R16_D17_SLOTS,Y1_R16_D17,"{""index"":""20 per A cell or 15 per B cell"",""m"":""n+3"",""n"":""integer"",""score"":""integer"",""tag"":""safe_ascii_token""}",required for DynamoDB; all others are render-only,AF_16
Y1_R16_D18_SLOTS,Y1_R16_D18,"{""index"":""20 per A cell or 15 per B cell"",""m"":""n+3"",""n"":""integer"",""score"":""integer"",""tag"":""safe_ascii_token""}",required for DynamoDB; all others are render-only,AF_16
Y1_R17_D01_SLOTS,Y1_R17_D01,"{""index"":""20 per A cell or 15 per B cell"",""m"":""n+3"",""n"":""integer"",""score"":""integer"",""tag"":""safe_ascii_token""}",required for DynamoDB; all others are render-only,AF_17
Y1_R17_D02_SLOTS,Y1_R17_D02,"{""index"":""20 per A cell or 15 per B cell"",""m"":""n+3"",""n"":""integer"",""score"":""integer"",""tag"":""safe_ascii_token""}",required for DynamoDB; all others are render-only,AF_17
Y1_R17_D03_SLOTS,Y1_R17_D03,"{""index"":""20 per A cell or 15 per B cell"",""m"":""n+3"",""n"":""integer"",""score"":""integer"",""tag"":""safe_ascii_token""}",required for DynamoDB; all others are render-only,AF_17
Y1_R17_D04_SLOTS,Y1_R17_D04,"{""index"":""20 per A cell or 15 per B cell"",""m"":""n+3"",""n"":""integer"",""score"":""integer"",""tag"":""safe_ascii_token""}",required for DynamoDB; all others are render-only,AF_17
Y1_R17_D05_SLOTS,Y1_R17_D05,"{""index"":""20 per A cell or 15 per B cell"",""m"":""n+3"",""n"":""integer"",""score"":""integer"",""tag"":""safe_ascii_token""}",required for DynamoDB; all others are render-only,AF_17
Y1_R17_D06_SLOTS,Y1_R17_D06,"{""index"":""20 per A cell or 15 per B cell"",""m"":""n+3"",""n"":""integer"",""score"":""integer"",""tag"":""safe_ascii_token""}",required for DynamoDB; all others are render-only,AF_17
Y1_R17_D07_SLOTS,Y1_R17_D07,"{""index"":""20 per A cell or 15 per B cell"",""m"":""n+3"",""n"":""integer"",""score"":""integer"",""tag"":""safe_ascii_token""}",required for DynamoDB; all others are render-only,AF_17
Y1_R17_D08_SLOTS,Y1_R17_D08,"{""index"":""20 per A cell or 15 per B cell"",""m"":""n+3"",""n"":""integer"",""score"":""integer"",""tag"":""safe_ascii_token""}",required for DynamoDB; all others are render-only,AF_17
Y1_R17_D09_SLOTS,Y1_R17_D09,"{""index"":""20 per A cell or 15 per B cell"",""m"":""n+3"",""n"":""integer"",""score"":""integer"",""tag"":""safe_ascii_token""}",required for DynamoDB; all others are render-only,AF_17
Y1_R17_D10_SLOTS,Y1_R17_D10,"{""index"":""20 per A cell or 15 per B cell"",""m"":""n+3"",""n"":""integer"",""score"":""integer"",""tag"":""safe_ascii_token""}",required for DynamoDB; all others are render-only,AF_17
Y1_R17_D11_SLOTS,Y1_R17_D11,"{""index"":""20 per A cell or 15 per B cell"",""m"":""n+3"",""n"":""integer"",""score"":""integer"",""tag"":""safe_ascii_token""}",required for DynamoDB; all others are render-only,AF_17
Y1_R17_D12_SLOTS,Y1_R17_D12,"{""index"":""20 per A cell or 15 per B cell"",""m"":""n+3"",""n"":""integer"",""score"":""integer"",""tag"":""safe_ascii_token""}",required for DynamoDB; all others are render-only,AF_17
Y1_R17_D13_SLOTS,Y1_R17_D13,"{""index"":""20 per A cell or 15 per B cell"",""m"":""n+3"",""n"":""integer"",""score"":""integer"",""tag"":""safe_ascii_token""}",required for DynamoDB; all others are render-only,AF_17
Y1_R17_D14_SLOTS,Y1_R17_D14,"{""index"":""20 per A cell or 15 per B cell"",""m"":""n+3"",""n"":""integer"",""score"":""integer"",""tag"":""safe_ascii_token""}",required for DynamoDB; all others are render-only,AF_17
Y1_R17_D15_SLOTS,Y1_R17_D15,"{""index"":""20 per A cell or 15 per B cell"",""m"":""n+3"",""n"":""integer"",""score"":""integer"",""tag"":""safe_ascii_token""}",required for DynamoDB; all others are render-only,AF_17
Y1_R17_D16_SLOTS,Y1_R17_D16,"{""index"":""20 per A cell or 15 per B cell"",""m"":""n+3"",""n"":""integer"",""score"":""integer"",""tag"":""safe_ascii_token""}",required for DynamoDB; all others are render-only,AF_17
Y1_R17_D17_SLOTS,Y1_R17_D17,"{""index"":""20 per A cell or 15 per B cell"",""m"":""n+3"",""n"":""integer"",""score"":""integer"",""tag"":""safe_ascii_token""}",required for DynamoDB; all others are render-only,AF_17
Y1_R17_D18_SLOTS,Y1_R17_D18,"{""index"":""20 per A cell or 15 per B cell"",""m"":""n+3"",""n"":""integer"",""score"":""integer"",""tag"":""safe_ascii_token""}",required for DynamoDB; all others are render-only,AF_17
Y1_R18_D01_SLOTS,Y1_R18_D01,"{""index"":""20 per A cell or 15 per B cell"",""m"":""n+3"",""n"":""integer"",""score"":""integer"",""tag"":""safe_ascii_token""}",required for DynamoDB; all others are render-only,AF_18
Y1_R18_D02_SLOTS,Y1_R18_D02,"{""index"":""20 per A cell or 15 per B cell"",""m"":""n+3"",""n"":""integer"",""score"":""integer"",""tag"":""safe_ascii_token""}",required for DynamoDB; all others are render-only,AF_18
Y1_R18_D03_SLOTS,Y1_R18_D03,"{""index"":""20 per A cell or 15 per B cell"",""m"":""n+3"",""n"":""integer"",""score"":""integer"",""tag"":""safe_ascii_token""}",required for DynamoDB; all others are render-only,AF_18
Y1_R18_D04_SLOTS,Y1_R18_D04,"{""index"":""20 per A cell or 15 per B cell"",""m"":""n+3"",""n"":""integer"",""score"":""integer"",""tag"":""safe_ascii_token""}",required for DynamoDB; all others are render-only,AF_18
Y1_R18_D05_SLOTS,Y1_R18_D05,"{""index"":""20 per A cell or 15 per B cell"",""m"":""n+3"",""n"":""integer"",""score"":""integer"",""tag"":""safe_ascii_token""}",required for DynamoDB; all others are render-only,AF_18
Y1_R18_D06_SLOTS,Y1_R18_D06,"{""index"":""20 per A cell or 15 per B cell"",""m"":""n+3"",""n"":""integer"",""score"":""integer"",""tag"":""safe_ascii_token""}",required for DynamoDB; all others are render-only,AF_18
Y1_R18_D07_SLOTS,Y1_R18_D07,"{""index"":""20 per A cell or 15 per B cell"",""m"":""n+3"",""n"":""integer"",""score"":""integer"",""tag"":""safe_ascii_token""}",required for DynamoDB; all others are render-only,AF_18
Y1_R18_D08_SLOTS,Y1_R18_D08,"{""index"":""20 per A cell or 15 per B cell"",""m"":""n+3"",""n"":""integer"",""score"":""integer"",""tag"":""safe_ascii_token""}",required for DynamoDB; all others are render-only,AF_18
Y1_R18_D09_SLOTS,Y1_R18_D09,"{""index"":""20 per A cell or 15 per B cell"",""m"":""n+3"",""n"":""integer"",""score"":""integer"",""tag"":""safe_ascii_token""}",required for DynamoDB; all others are render-only,AF_18
Y1_R18_D10_SLOTS,Y1_R18_D10,"{""index"":""20 per A cell or 15 per B cell"",""m"":""n+3"",""n"":""integer"",""score"":""integer"",""tag"":""safe_ascii_token""}",required for DynamoDB; all others are render-only,AF_18
Y1_R18_D11_SLOTS,Y1_R18_D11,"{""index"":""20 per A cell or 15 per B cell"",""m"":""n+3"",""n"":""integer"",""score"":""integer"",""tag"":""safe_ascii_token""}",required for DynamoDB; all others are render-only,AF_18
Y1_R18_D12_SLOTS,Y1_R18_D12,"{""index"":""20 per A cell or 15 per B cell"",""m"":""n+3"",""n"":""integer"",""score"":""integer"",""tag"":""safe_ascii_token""}",required for DynamoDB; all others are render-only,AF_18
Y1_R18_D13_SLOTS,Y1_R18_D13,"{""index"":""20 per A cell or 15 per B cell"",""m"":""n+3"",""n"":""integer"",""score"":""integer"",""tag"":""safe_ascii_token""}",required for DynamoDB; all others are render-only,AF_18
Y1_R18_D14_SLOTS,Y1_R18_D14,"{""index"":""20 per A cell or 15 per B cell"",""m"":""n+3"",""n"":""integer"",""score"":""integer"",""tag"":""safe_ascii_token""}",required for DynamoDB; all others are render-only,AF_18
Y1_R18_D15_SLOTS,Y1_R18_D15,"{""index"":""20 per A cell or 15 per B cell"",""m"":""n+3"",""n"":""integer"",""score"":""integer"",""tag"":""safe_ascii_token""}",required for DynamoDB; all others are render-only,AF_18
Y1_R18_D16_SLOTS,Y1_R18_D16,"{""index"":""20 per A cell or 15 per B cell"",""m"":""n+3"",""n"":""integer"",""score"":""integer"",""tag"":""safe_ascii_token""}",required for DynamoDB; all others are render-only,AF_18
Y1_R18_D17_SLOTS,Y1_R18_D17,"{""index"":""20 per A cell or 15 per B cell"",""m"":""n+3"",""n"":""integer"",""score"":""integer"",""tag"":""safe_ascii_token""}",required for DynamoDB; all others are render-only,AF_18
Y1_R18_D18_SLOTS,Y1_R18_D18,"{""index"":""20 per A cell or 15 per B cell"",""m"":""n+3"",""n"":""integer"",""score"":""integer"",""tag"":""safe_ascii_token""}",required for DynamoDB; all others are render-only,AF_18
Y1_R19_D01_SLOTS,Y1_R19_D01,"{""index"":""20 per A cell or 15 per B cell"",""m"":""n+3"",""n"":""integer"",""score"":""integer"",""tag"":""safe_ascii_token""}",required for DynamoDB; all others are render-only,AF_19
Y1_R19_D02_SLOTS,Y1_R19_D02,"{""index"":""20 per A cell or 15 per B cell"",""m"":""n+3"",""n"":""integer"",""score"":""integer"",""tag"":""safe_ascii_token""}",required for DynamoDB; all others are render-only,AF_19
Y1_R19_D03_SLOTS,Y1_R19_D03,"{""index"":""20 per A cell or 15 per B cell"",""m"":""n+3"",""n"":""integer"",""score"":""integer"",""tag"":""safe_ascii_token""}",required for DynamoDB; all others are render-only,AF_19
Y1_R19_D04_SLOTS,Y1_R19_D04,"{""index"":""20 per A cell or 15 per B cell"",""m"":""n+3"",""n"":""integer"",""score"":""integer"",""tag"":""safe_ascii_token""}",required for DynamoDB; all others are render-only,AF_19
Y1_R19_D05_SLOTS,Y1_R19_D05,"{""index"":""20 per A cell or 15 per B cell"",""m"":""n+3"",""n"":""integer"",""score"":""integer"",""tag"":""safe_ascii_token""}",required for DynamoDB; all others are render-only,AF_19
Y1_R19_D06_SLOTS,Y1_R19_D06,"{""index"":""20 per A cell or 15 per B cell"",""m"":""n+3"",""n"":""integer"",""score"":""integer"",""tag"":""safe_ascii_token""}",required for DynamoDB; all others are render-only,AF_19
Y1_R19_D07_SLOTS,Y1_R19_D07,"{""index"":""20 per A cell or 15 per B cell"",""m"":""n+3"",""n"":""integer"",""score"":""integer"",""tag"":""safe_ascii_token""}",required for DynamoDB; all others are render-only,AF_19
Y1_R19_D08_SLOTS,Y1_R19_D08,"{""index"":""20 per A cell or 15 per B cell"",""m"":""n+3"",""n"":""integer"",""score"":""integer"",""tag"":""safe_ascii_token""}",required for DynamoDB; all others are render-only,AF_19
Y1_R19_D09_SLOTS,Y1_R19_D09,"{""index"":""20 per A cell or 15 per B cell"",""m"":""n+3"",""n"":""integer"",""score"":""integer"",""tag"":""safe_ascii_token""}",required for DynamoDB; all others are render-only,AF_19
Y1_R19_D10_SLOTS,Y1_R19_D10,"{""index"":""20 per A cell or 15 per B cell"",""m"":""n+3"",""n"":""integer"",""score"":""integer"",""tag"":""safe_ascii_token""}",required for DynamoDB; all others are render-only,AF_19
Y1_R19_D11_SLOTS,Y1_R19_D11,"{""index"":""20 per A cell or 15 per B cell"",""m"":""n+3"",""n"":""integer"",""score"":""integer"",""tag"":""safe_ascii_token""}",required for DynamoDB; all others are render-only,AF_19
Y1_R19_D12_SLOTS,Y1_R19_D12,"{""index"":""20 per A cell or 15 per B cell"",""m"":""n+3"",""n"":""integer"",""score"":""integer"",""tag"":""safe_ascii_token""}",required for DynamoDB; all others are render-only,AF_19
Y1_R19_D13_SLOTS,Y1_R19_D13,"{""index"":""20 per A cell or 15 per B cell"",""m"":""n+3"",""n"":""integer"",""score"":""integer"",""tag"":""safe_ascii_token""}",required for DynamoDB; all others are render-only,AF_19
Y1_R19_D14_SLOTS,Y1_R19_D14,"{""index"":""20 per A cell or 15 per B cell"",""m"":""n+3"",""n"":""integer"",""score"":""integer"",""tag"":""safe_ascii_token""}",required for DynamoDB; all others are render-only,AF_19
Y1_R19_D15_SLOTS,Y1_R19_D15,"{""index"":""20 per A cell or 15 per B cell"",""m"":""n+3"",""n"":""integer"",""score"":""integer"",""tag"":""safe_ascii_token""}",required for DynamoDB; all others are render-only,AF_19
Y1_R19_D16_SLOTS,Y1_R19_D16,"{""index"":""20 per A cell or 15 per B cell"",""m"":""n+3"",""n"":""integer"",""score"":""integer"",""tag"":""safe_ascii_token""}",required for DynamoDB; all others are render-only,AF_19
Y1_R19_D17_SLOTS,Y1_R19_D17,"{""index"":""20 per A cell or 15 per B cell"",""m"":""n+3"",""n"":""integer"",""score"":""integer"",""tag"":""safe_ascii_token""}",required for DynamoDB; all others are render-only,AF_19
Y1_R19_D18_SLOTS,Y1_R19_D18,"{""index"":""20 per A cell or 15 per B cell"",""m"":""n+3"",""n"":""integer"",""score"":""integer"",""tag"":""safe_ascii_token""}",required for DynamoDB; all others are render-only,AF_19
Y1_R20_D01_SLOTS,Y1_R20_D01,"{""index"":""20 per A cell or 15 per B cell"",""m"":""n+3"",""n"":""integer"",""score"":""integer"",""tag"":""safe_ascii_token""}",required for DynamoDB; all others are render-only,AF_20
Y1_R20_D02_SLOTS,Y1_R20_D02,"{""index"":""20 per A cell or 15 per B cell"",""m"":""n+3"",""n"":""integer"",""score"":""integer"",""tag"":""safe_ascii_token""}",required for DynamoDB; all others are render-only,AF_20
Y1_R20_D03_SLOTS,Y1_R20_D03,"{""index"":""20 per A cell or 15 per B cell"",""m"":""n+3"",""n"":""integer"",""score"":""integer"",""tag"":""safe_ascii_token""}",required for DynamoDB; all others are render-only,AF_20
Y1_R20_D04_SLOTS,Y1_R20_D04,"{""index"":""20 per A cell or 15 per B cell"",""m"":""n+3"",""n"":""integer"",""score"":""integer"",""tag"":""safe_ascii_token""}",required for DynamoDB; all others are render-only,AF_20
Y1_R20_D05_SLOTS,Y1_R20_D05,"{""index"":""20 per A cell or 15 per B cell"",""m"":""n+3"",""n"":""integer"",""score"":""integer"",""tag"":""safe_ascii_token""}",required for DynamoDB; all others are render-only,AF_20
Y1_R20_D06_SLOTS,Y1_R20_D06,"{""index"":""20 per A cell or 15 per B cell"",""m"":""n+3"",""n"":""integer"",""score"":""integer"",""tag"":""safe_ascii_token""}",required for DynamoDB; all others are render-only,AF_20
Y1_R20_D07_SLOTS,Y1_R20_D07,"{""index"":""20 per A cell or 15 per B cell"",""m"":""n+3"",""n"":""integer"",""score"":""integer"",""tag"":""safe_ascii_token""}",required for DynamoDB; all others are render-only,AF_20
Y1_R20_D08_SLOTS,Y1_R20_D08,"{""index"":""20 per A cell or 15 per B cell"",""m"":""n+3"",""n"":""integer"",""score"":""integer"",""tag"":""safe_ascii_token""}",required for DynamoDB; all others are render-only,AF_20
Y1_R20_D09_SLOTS,Y1_R20_D09,"{""index"":""20 per A cell or 15 per B cell"",""m"":""n+3"",""n"":""integer"",""score"":""integer"",""tag"":""safe_ascii_token""}",required for DynamoDB; all others are render-only,AF_20
Y1_R20_D10_SLOTS,Y1_R20_D10,"{""index"":""20 per A cell or 15 per B cell"",""m"":""n+3"",""n"":""integer"",""score"":""integer"",""tag"":""safe_ascii_token""}",required for DynamoDB; all others are render-only,AF_20
Y1_R20_D11_SLOTS,Y1_R20_D11,"{""index"":""20 per A cell or 15 per B cell"",""m"":""n+3"",""n"":""integer"",""score"":""integer"",""tag"":""safe_ascii_token""}",required for DynamoDB; all others are render-only,AF_20
Y1_R20_D12_SLOTS,Y1_R20_D12,"{""index"":""20 per A cell or 15 per B cell"",""m"":""n+3"",""n"":""integer"",""score"":""integer"",""tag"":""safe_ascii_token""}",required for DynamoDB; all others are render-only,AF_20
Y1_R20_D13_SLOTS,Y1_R20_D13,"{""index"":""20 per A cell or 15 per B cell"",""m"":""n+3"",""n"":""integer"",""score"":""integer"",""tag"":""safe_ascii_token""}",required for DynamoDB; all others are render-only,AF_20
Y1_R20_D14_SLOTS,Y1_R20_D14,"{""index"":""20 per A cell or 15 per B cell"",""m"":""n+3"",""n"":""integer"",""score"":""integer"",""tag"":""safe_ascii_token""}",required for DynamoDB; all others are render-only,AF_20
Y1_R20_D15_SLOTS,Y1_R20_D15,"{""index"":""20 per A cell or 15 per B cell"",""m"":""n+3"",""n"":""integer"",""score"":""integer"",""tag"":""safe_ascii_token""}",required for DynamoDB; all others are render-only,AF_20
Y1_R20_D16_SLOTS,Y1_R20_D16,"{""index"":""20 per A cell or 15 per B cell"",""m"":""n+3"",""n"":""integer"",""score"":""integer"",""tag"":""safe_ascii_token""}",required for DynamoDB; all others are render-only,AF_20
Y1_R20_D17_SLOTS,Y1_R20_D17,"{""index"":""20 per A cell or 15 per B cell"",""m"":""n+3"",""n"":""integer"",""score"":""integer"",""tag"":""safe_ascii_token""}",required for DynamoDB; all others are render-only,AF_20
Y1_R20_D18_SLOTS,Y1_R20_D18,"{""index"":""20 per A cell or 15 per B cell"",""m"":""n+3"",""n"":""integer"",""score"":""integer"",""tag"":""safe_ascii_token""}",required for DynamoDB; all others are render-only,AF_20
