structure_cell_id,root_id,complexity,database,query_language,d_category,rendering_recipe,expected_samples,cross_db_semantic_equivalence,execution_context
Y4_R01_D01,Y4_R01,Y4_Basic_Obfuscation,PostgreSQL,SQL,D1,dialect-specific documented predicate renderer plus Y tier,20,NOT_CONFIRMED,none_Z1
Y4_R01_D02,Y4_R01,Y4_Basic_Obfuscation,MySQL,SQL,D1,dialect-specific documented predicate renderer plus Y tier,20,NOT_CONFIRMED,none_Z1
Y4_R01_D03,Y4_R01,Y4_Basic_Obfuscation,MariaDB,SQL,D1,dialect-specific documented predicate renderer plus Y tier,20,NOT_CONFIRMED,none_Z1
Y4_R01_D04,Y4_R01,Y4_Basic_Obfuscation,SQLite,SQL,D1,dialect-specific documented predicate renderer plus Y tier,20,NOT_CONFIRMED,none_Z1
Y4_R01_D05,Y4_R01,Y4_Basic_Obfuscation,SQL Server,T-SQL,D1,dialect-specific documented predicate renderer plus Y tier,20,NOT_CONFIRMED,none_Z1
Y4_R01_D06,Y4_R01,Y4_Basic_Obfuscation,Oracle,SQL,D1,dialect-specific documented predicate renderer plus Y tier,20,NOT_CONFIRMED,none_Z1
Y4_R01_D07,Y4_R01,Y4_Basic_Obfuscation,BigQuery,GoogleSQL,D2,dialect-specific documented predicate renderer plus Y tier,20,NOT_CONFIRMED,none_Z1
Y4_R01_D08,Y4_R01,Y4_Basic_Obfuscation,Snowflake,SQL,D2,dialect-specific documented predicate renderer plus Y tier,20,NOT_CONFIRMED,none_Z1
Y4_R01_D09,Y4_R01,Y4_Basic_Obfuscation,ClickHouse,SQL,D2,dialect-specific documented predicate renderer plus Y tier,20,NOT_CONFIRMED,none_Z1
Y4_R01_D10,Y4_R01,Y4_Basic_Obfuscation,DuckDB,SQL,D2,dialect-specific documented predicate renderer plus Y tier,20,NOT_CONFIRMED,none_Z1
Y4_R01_D11,Y4_R01,Y4_Basic_Obfuscation,MongoDB,MQL/JSON,D3,dialect-specific documented predicate renderer plus Y tier,20,NOT_CONFIRMED,none_Z1
Y4_R01_D12,Y4_R01,Y4_Basic_Obfuscation,Couchbase,SQL++,D3,dialect-specific documented predicate renderer plus Y tier,20,NOT_CONFIRMED,none_Z1
Y4_R01_D13,Y4_R01,Y4_Basic_Obfuscation,Redis,RediSearch query syntax (module required),D4,dialect-specific documented predicate renderer plus Y tier,20,NOT_CONFIRMED,none_Z1
Y4_R01_D14,Y4_R01,Y4_Basic_Obfuscation,Cassandra,CQL,D4,dialect-specific documented predicate renderer plus Y tier,20,NOT_CONFIRMED,none_Z1
Y4_R01_D15,Y4_R01,Y4_Basic_Obfuscation,DynamoDB,Condition/FilterExpression with values,D4,dialect-specific documented predicate renderer plus Y tier,20,NOT_CONFIRMED,none_Z1
Y4_R01_D16,Y4_R01,Y4_Basic_Obfuscation,Neo4j,Cypher,D5,dialect-specific documented predicate renderer plus Y tier,20,NOT_CONFIRMED,none_Z1
Y4_R01_D17,Y4_R01,Y4_Basic_Obfuscation,Elasticsearch,JSON Query DSL,D5,dialect-specific documented predicate renderer plus Y tier,20,NOT_CONFIRMED,none_Z1
Y4_R01_D18,Y4_R01,Y4_Basic_Obfuscation,OpenSearch,JSON Query DSL,D5,dialect-specific documented predicate renderer plus Y tier,20,NOT_CONFIRMED,none_Z1
Y4_R02_D01,Y4_R02,Y4_Basic_Obfuscation,PostgreSQL,SQL,D1,dialect-specific documented predicate renderer plus Y tier,20,NOT_CONFIRMED,none_Z1
Y4_R02_D02,Y4_R02,Y4_Basic_Obfuscation,MySQL,SQL,D1,dialect-specific documented predicate renderer plus Y tier,20,NOT_CONFIRMED,none_Z1
Y4_R02_D03,Y4_R02,Y4_Basic_Obfuscation,MariaDB,SQL,D1,dialect-specific documented predicate renderer plus Y tier,20,NOT_CONFIRMED,none_Z1
Y4_R02_D04,Y4_R02,Y4_Basic_Obfuscation,SQLite,SQL,D1,dialect-specific documented predicate renderer plus Y tier,20,NOT_CONFIRMED,none_Z1
Y4_R02_D05,Y4_R02,Y4_Basic_Obfuscation,SQL Server,T-SQL,D1,dialect-specific documented predicate renderer plus Y tier,20,NOT_CONFIRMED,none_Z1
Y4_R02_D06,Y4_R02,Y4_Basic_Obfuscation,Oracle,SQL,D1,dialect-specific documented predicate renderer plus Y tier,20,NOT_CONFIRMED,none_Z1
Y4_R02_D07,Y4_R02,Y4_Basic_Obfuscation,BigQuery,GoogleSQL,D2,dialect-specific documented predicate renderer plus Y tier,20,NOT_CONFIRMED,none_Z1
Y4_R02_D08,Y4_R02,Y4_Basic_Obfuscation,Snowflake,SQL,D2,dialect-specific documented predicate renderer plus Y tier,20,NOT_CONFIRMED,none_Z1
Y4_R02_D09,Y4_R02,Y4_Basic_Obfuscation,ClickHouse,SQL,D2,dialect-specific documented predicate renderer plus Y tier,20,NOT_CONFIRMED,none_Z1
Y4_R02_D10,Y4_R02,Y4_Basic_Obfuscation,DuckDB,SQL,D2,dialect-specific documented predicate renderer plus Y tier,20,NOT_CONFIRMED,none_Z1
Y4_R02_D11,Y4_R02,Y4_Basic_Obfuscation,MongoDB,MQL/JSON,D3,dialect-specific documented predicate renderer plus Y tier,20,NOT_CONFIRMED,none_Z1
Y4_R02_D12,Y4_R02,Y4_Basic_Obfuscation,Couchbase,SQL++,D3,dialect-specific documented predicate renderer plus Y tier,20,NOT_CONFIRMED,none_Z1
Y4_R02_D13,Y4_R02,Y4_Basic_Obfuscation,Redis,RediSearch query syntax (module required),D4,dialect-specific documented predicate renderer plus Y tier,20,NOT_CONFIRMED,none_Z1
Y4_R02_D14,Y4_R02,Y4_Basic_Obfuscation,Cassandra,CQL,D4,dialect-specific documented predicate renderer plus Y tier,20,NOT_CONFIRMED,none_Z1
Y4_R02_D15,Y4_R02,Y4_Basic_Obfuscation,DynamoDB,Condition/FilterExpression with values,D4,dialect-specific documented predicate renderer plus Y tier,20,NOT_CONFIRMED,none_Z1
Y4_R02_D16,Y4_R02,Y4_Basic_Obfuscation,Neo4j,Cypher,D5,dialect-specific documented predicate renderer plus Y tier,20,NOT_CONFIRMED,none_Z1
Y4_R02_D17,Y4_R02,Y4_Basic_Obfuscation,Elasticsearch,JSON Query DSL,D5,dialect-specific documented predicate renderer plus Y tier,20,NOT_CONFIRMED,none_Z1
Y4_R02_D18,Y4_R02,Y4_Basic_Obfuscation,OpenSearch,JSON Query DSL,D5,dialect-specific documented predicate renderer plus Y tier,20,NOT_CONFIRMED,none_Z1
Y4_R03_D01,Y4_R03,Y4_Basic_Obfuscation,PostgreSQL,SQL,D1,dialect-specific documented predicate renderer plus Y tier,20,NOT_CONFIRMED,none_Z1
Y4_R03_D02,Y4_R03,Y4_Basic_Obfuscation,MySQL,SQL,D1,dialect-specific documented predicate renderer plus Y tier,20,NOT_CONFIRMED,none_Z1
Y4_R03_D03,Y4_R03,Y4_Basic_Obfuscation,MariaDB,SQL,D1,dialect-specific documented predicate renderer plus Y tier,20,NOT_CONFIRMED,none_Z1
Y4_R03_D04,Y4_R03,Y4_Basic_Obfuscation,SQLite,SQL,D1,dialect-specific documented predicate renderer plus Y tier,20,NOT_CONFIRMED,none_Z1
Y4_R03_D05,Y4_R03,Y4_Basic_Obfuscation,SQL Server,T-SQL,D1,dialect-specific documented predicate renderer plus Y tier,20,NOT_CONFIRMED,none_Z1
Y4_R03_D06,Y4_R03,Y4_Basic_Obfuscation,Oracle,SQL,D1,dialect-specific documented predicate renderer plus Y tier,20,NOT_CONFIRMED,none_Z1
Y4_R03_D07,Y4_R03,Y4_Basic_Obfuscation,BigQuery,GoogleSQL,D2,dialect-specific documented predicate renderer plus Y tier,20,NOT_CONFIRMED,none_Z1
Y4_R03_D08,Y4_R03,Y4_Basic_Obfuscation,Snowflake,SQL,D2,dialect-specific documented predicate renderer plus Y tier,20,NOT_CONFIRMED,none_Z1
Y4_R03_D09,Y4_R03,Y4_Basic_Obfuscation,ClickHouse,SQL,D2,dialect-specific documented predicate renderer plus Y tier,20,NOT_CONFIRMED,none_Z1
Y4_R03_D10,Y4_R03,Y4_Basic_Obfuscation,DuckDB,SQL,D2,dialect-specific documented predicate renderer plus Y tier,20,NOT_CONFIRMED,none_Z1
Y4_R03_D11,Y4_R03,Y4_Basic_Obfuscation,MongoDB,MQL/JSON,D3,dialect-specific documented predicate renderer plus Y tier,20,NOT_CONFIRMED,none_Z1
Y4_R03_D12,Y4_R03,Y4_Basic_Obfuscation,Couchbase,SQL++,D3,dialect-specific documented predicate renderer plus Y tier,20,NOT_CONFIRMED,none_Z1
Y4_R03_D13,Y4_R03,Y4_Basic_Obfuscation,Redis,RediSearch query syntax (module required),D4,dialect-specific documented predicate renderer plus Y tier,20,NOT_CONFIRMED,none_Z1
Y4_R03_D14,Y4_R03,Y4_Basic_Obfuscation,Cassandra,CQL,D4,dialect-specific documented predicate renderer plus Y tier,20,NOT_CONFIRMED,none_Z1
Y4_R03_D15,Y4_R03,Y4_Basic_Obfuscation,DynamoDB,Condition/FilterExpression with values,D4,dialect-specific documented predicate renderer plus Y tier,20,NOT_CONFIRMED,none_Z1
Y4_R03_D16,Y4_R03,Y4_Basic_Obfuscation,Neo4j,Cypher,D5,dialect-specific documented predicate renderer plus Y tier,20,NOT_CONFIRMED,none_Z1
Y4_R03_D17,Y4_R03,Y4_Basic_Obfuscation,Elasticsearch,JSON Query DSL,D5,dialect-specific documented predicate renderer plus Y tier,20,NOT_CONFIRMED,none_Z1
Y4_R03_D18,Y4_R03,Y4_Basic_Obfuscation,OpenSearch,JSON Query DSL,D5,dialect-specific documented predicate renderer plus Y tier,20,NOT_CONFIRMED,none_Z1
Y4_R04_D01,Y4_R04,Y4_Basic_Obfuscation,PostgreSQL,SQL,D1,dialect-specific documented predicate renderer plus Y tier,20,NOT_CONFIRMED,none_Z1
Y4_R04_D02,Y4_R04,Y4_Basic_Obfuscation,MySQL,SQL,D1,dialect-specific documented predicate renderer plus Y tier,20,NOT_CONFIRMED,none_Z1
Y4_R04_D03,Y4_R04,Y4_Basic_Obfuscation,MariaDB,SQL,D1,dialect-specific documented predicate renderer plus Y tier,20,NOT_CONFIRMED,none_Z1
Y4_R04_D04,Y4_R04,Y4_Basic_Obfuscation,SQLite,SQL,D1,dialect-specific documented predicate renderer plus Y tier,20,NOT_CONFIRMED,none_Z1
Y4_R04_D05,Y4_R04,Y4_Basic_Obfuscation,SQL Server,T-SQL,D1,dialect-specific documented predicate renderer plus Y tier,20,NOT_CONFIRMED,none_Z1
Y4_R04_D06,Y4_R04,Y4_Basic_Obfuscation,Oracle,SQL,D1,dialect-specific documented predicate renderer plus Y tier,20,NOT_CONFIRMED,none_Z1
Y4_R04_D07,Y4_R04,Y4_Basic_Obfuscation,BigQuery,GoogleSQL,D2,dialect-specific documented predicate renderer plus Y tier,20,NOT_CONFIRMED,none_Z1
Y4_R04_D08,Y4_R04,Y4_Basic_Obfuscation,Snowflake,SQL,D2,dialect-specific documented predicate renderer plus Y tier,20,NOT_CONFIRMED,none_Z1
Y4_R04_D09,Y4_R04,Y4_Basic_Obfuscation,ClickHouse,SQL,D2,dialect-specific documented predicate renderer plus Y tier,20,NOT_CONFIRMED,none_Z1
Y4_R04_D10,Y4_R04,Y4_Basic_Obfuscation,DuckDB,SQL,D2,dialect-specific documented predicate renderer plus Y tier,20,NOT_CONFIRMED,none_Z1
Y4_R04_D11,Y4_R04,Y4_Basic_Obfuscation,MongoDB,MQL/JSON,D3,dialect-specific documented predicate renderer plus Y tier,20,NOT_CONFIRMED,none_Z1
Y4_R04_D12,Y4_R04,Y4_Basic_Obfuscation,Couchbase,SQL++,D3,dialect-specific documented predicate renderer plus Y tier,20,NOT_CONFIRMED,none_Z1
Y4_R04_D13,Y4_R04,Y4_Basic_Obfuscation,Redis,RediSearch query syntax (module required),D4,dialect-specific documented predicate renderer plus Y tier,20,NOT_CONFIRMED,none_Z1
Y4_R04_D14,Y4_R04,Y4_Basic_Obfuscation,Cassandra,CQL,D4,dialect-specific documented predicate renderer plus Y tier,20,NOT_CONFIRMED,none_Z1
Y4_R04_D15,Y4_R04,Y4_Basic_Obfuscation,DynamoDB,Condition/FilterExpression with values,D4,dialect-specific documented predicate renderer plus Y tier,20,NOT_CONFIRMED,none_Z1
Y4_R04_D16,Y4_R04,Y4_Basic_Obfuscation,Neo4j,Cypher,D5,dialect-specific documented predicate renderer plus Y tier,20,NOT_CONFIRMED,none_Z1
Y4_R04_D17,Y4_R04,Y4_Basic_Obfuscation,Elasticsearch,JSON Query DSL,D5,dialect-specific documented predicate renderer plus Y tier,20,NOT_CONFIRMED,none_Z1
Y4_R04_D18,Y4_R04,Y4_Basic_Obfuscation,OpenSearch,JSON Query DSL,D5,dialect-specific documented predicate renderer plus Y tier,20,NOT_CONFIRMED,none_Z1
Y4_R05_D01,Y4_R05,Y4_Basic_Obfuscation,PostgreSQL,SQL,D1,dialect-specific documented predicate renderer plus Y tier,20,NOT_CONFIRMED,none_Z1
Y4_R05_D02,Y4_R05,Y4_Basic_Obfuscation,MySQL,SQL,D1,dialect-specific documented predicate renderer plus Y tier,20,NOT_CONFIRMED,none_Z1
Y4_R05_D03,Y4_R05,Y4_Basic_Obfuscation,MariaDB,SQL,D1,dialect-specific documented predicate renderer plus Y tier,20,NOT_CONFIRMED,none_Z1
Y4_R05_D04,Y4_R05,Y4_Basic_Obfuscation,SQLite,SQL,D1,dialect-specific documented predicate renderer plus Y tier,20,NOT_CONFIRMED,none_Z1
Y4_R05_D05,Y4_R05,Y4_Basic_Obfuscation,SQL Server,T-SQL,D1,dialect-specific documented predicate renderer plus Y tier,20,NOT_CONFIRMED,none_Z1
Y4_R05_D06,Y4_R05,Y4_Basic_Obfuscation,Oracle,SQL,D1,dialect-specific documented predicate renderer plus Y tier,20,NOT_CONFIRMED,none_Z1
Y4_R05_D07,Y4_R05,Y4_Basic_Obfuscation,BigQuery,GoogleSQL,D2,dialect-specific documented predicate renderer plus Y tier,20,NOT_CONFIRMED,none_Z1
Y4_R05_D08,Y4_R05,Y4_Basic_Obfuscation,Snowflake,SQL,D2,dialect-specific documented predicate renderer plus Y tier,20,NOT_CONFIRMED,none_Z1
Y4_R05_D09,Y4_R05,Y4_Basic_Obfuscation,ClickHouse,SQL,D2,dialect-specific documented predicate renderer plus Y tier,20,NOT_CONFIRMED,none_Z1
Y4_R05_D10,Y4_R05,Y4_Basic_Obfuscation,DuckDB,SQL,D2,dialect-specific documented predicate renderer plus Y tier,20,NOT_CONFIRMED,none_Z1
Y4_R05_D11,Y4_R05,Y4_Basic_Obfuscation,MongoDB,MQL/JSON,D3,dialect-specific documented predicate renderer plus Y tier,20,NOT_CONFIRMED,none_Z1
Y4_R05_D12,Y4_R05,Y4_Basic_Obfuscation,Couchbase,SQL++,D3,dialect-specific documented predicate renderer plus Y tier,20,NOT_CONFIRMED,none_Z1
Y4_R05_D13,Y4_R05,Y4_Basic_Obfuscation,Redis,RediSearch query syntax (module required),D4,dialect-specific documented predicate renderer plus Y tier,20,NOT_CONFIRMED,none_Z1
Y4_R05_D14,Y4_R05,Y4_Basic_Obfuscation,Cassandra,CQL,D4,dialect-specific documented predicate renderer plus Y tier,20,NOT_CONFIRMED,none_Z1
Y4_R05_D15,Y4_R05,Y4_Basic_Obfuscation,DynamoDB,Condition/FilterExpression with values,D4,dialect-specific documented predicate renderer plus Y tier,20,NOT_CONFIRMED,none_Z1
Y4_R05_D16,Y4_R05,Y4_Basic_Obfuscation,Neo4j,Cypher,D5,dialect-specific documented predicate renderer plus Y tier,20,NOT_CONFIRMED,none_Z1
Y4_R05_D17,Y4_R05,Y4_Basic_Obfuscation,Elasticsearch,JSON Query DSL,D5,dialect-specific documented predicate renderer plus Y tier,20,NOT_CONFIRMED,none_Z1
Y4_R05_D18,Y4_R05,Y4_Basic_Obfuscation,OpenSearch,JSON Query DSL,D5,dialect-specific documented predicate renderer plus Y tier,20,NOT_CONFIRMED,none_Z1
Y4_R06_D01,Y4_R06,Y4_Basic_Obfuscation,PostgreSQL,SQL,D1,dialect-specific documented predicate renderer plus Y tier,20,NOT_CONFIRMED,none_Z1
Y4_R06_D02,Y4_R06,Y4_Basic_Obfuscation,MySQL,SQL,D1,dialect-specific documented predicate renderer plus Y tier,20,NOT_CONFIRMED,none_Z1
Y4_R06_D03,Y4_R06,Y4_Basic_Obfuscation,MariaDB,SQL,D1,dialect-specific documented predicate renderer plus Y tier,20,NOT_CONFIRMED,none_Z1
Y4_R06_D04,Y4_R06,Y4_Basic_Obfuscation,SQLite,SQL,D1,dialect-specific documented predicate renderer plus Y tier,20,NOT_CONFIRMED,none_Z1
Y4_R06_D05,Y4_R06,Y4_Basic_Obfuscation,SQL Server,T-SQL,D1,dialect-specific documented predicate renderer plus Y tier,20,NOT_CONFIRMED,none_Z1
Y4_R06_D06,Y4_R06,Y4_Basic_Obfuscation,Oracle,SQL,D1,dialect-specific documented predicate renderer plus Y tier,20,NOT_CONFIRMED,none_Z1
Y4_R06_D07,Y4_R06,Y4_Basic_Obfuscation,BigQuery,GoogleSQL,D2,dialect-specific documented predicate renderer plus Y tier,20,NOT_CONFIRMED,none_Z1
Y4_R06_D08,Y4_R06,Y4_Basic_Obfuscation,Snowflake,SQL,D2,dialect-specific documented predicate renderer plus Y tier,20,NOT_CONFIRMED,none_Z1
Y4_R06_D09,Y4_R06,Y4_Basic_Obfuscation,ClickHouse,SQL,D2,dialect-specific documented predicate renderer plus Y tier,20,NOT_CONFIRMED,none_Z1
Y4_R06_D10,Y4_R06,Y4_Basic_Obfuscation,DuckDB,SQL,D2,dialect-specific documented predicate renderer plus Y tier,20,NOT_CONFIRMED,none_Z1
Y4_R06_D11,Y4_R06,Y4_Basic_Obfuscation,MongoDB,MQL/JSON,D3,dialect-specific documented predicate renderer plus Y tier,20,NOT_CONFIRMED,none_Z1
Y4_R06_D12,Y4_R06,Y4_Basic_Obfuscation,Couchbase,SQL++,D3,dialect-specific documented predicate renderer plus Y tier,20,NOT_CONFIRMED,none_Z1
Y4_R06_D13,Y4_R06,Y4_Basic_Obfuscation,Redis,RediSearch query syntax (module required),D4,dialect-specific documented predicate renderer plus Y tier,20,NOT_CONFIRMED,none_Z1
Y4_R06_D14,Y4_R06,Y4_Basic_Obfuscation,Cassandra,CQL,D4,dialect-specific documented predicate renderer plus Y tier,20,NOT_CONFIRMED,none_Z1
Y4_R06_D15,Y4_R06,Y4_Basic_Obfuscation,DynamoDB,Condition/FilterExpression with values,D4,dialect-specific documented predicate renderer plus Y tier,20,NOT_CONFIRMED,none_Z1
Y4_R06_D16,Y4_R06,Y4_Basic_Obfuscation,Neo4j,Cypher,D5,dialect-specific documented predicate renderer plus Y tier,20,NOT_CONFIRMED,none_Z1
Y4_R06_D17,Y4_R06,Y4_Basic_Obfuscation,Elasticsearch,JSON Query DSL,D5,dialect-specific documented predicate renderer plus Y tier,20,NOT_CONFIRMED,none_Z1
Y4_R06_D18,Y4_R06,Y4_Basic_Obfuscation,OpenSearch,JSON Query DSL,D5,dialect-specific documented predicate renderer plus Y tier,20,NOT_CONFIRMED,none_Z1
Y4_R07_D01,Y4_R07,Y4_Basic_Obfuscation,PostgreSQL,SQL,D1,dialect-specific documented predicate renderer plus Y tier,20,NOT_CONFIRMED,none_Z1
Y4_R07_D02,Y4_R07,Y4_Basic_Obfuscation,MySQL,SQL,D1,dialect-specific documented predicate renderer plus Y tier,20,NOT_CONFIRMED,none_Z1
Y4_R07_D03,Y4_R07,Y4_Basic_Obfuscation,MariaDB,SQL,D1,dialect-specific documented predicate renderer plus Y tier,20,NOT_CONFIRMED,none_Z1
Y4_R07_D04,Y4_R07,Y4_Basic_Obfuscation,SQLite,SQL,D1,dialect-specific documented predicate renderer plus Y tier,20,NOT_CONFIRMED,none_Z1
Y4_R07_D05,Y4_R07,Y4_Basic_Obfuscation,SQL Server,T-SQL,D1,dialect-specific documented predicate renderer plus Y tier,20,NOT_CONFIRMED,none_Z1
Y4_R07_D06,Y4_R07,Y4_Basic_Obfuscation,Oracle,SQL,D1,dialect-specific documented predicate renderer plus Y tier,20,NOT_CONFIRMED,none_Z1
Y4_R07_D07,Y4_R07,Y4_Basic_Obfuscation,BigQuery,GoogleSQL,D2,dialect-specific documented predicate renderer plus Y tier,20,NOT_CONFIRMED,none_Z1
Y4_R07_D08,Y4_R07,Y4_Basic_Obfuscation,Snowflake,SQL,D2,dialect-specific documented predicate renderer plus Y tier,20,NOT_CONFIRMED,none_Z1
Y4_R07_D09,Y4_R07,Y4_Basic_Obfuscation,ClickHouse,SQL,D2,dialect-specific documented predicate renderer plus Y tier,20,NOT_CONFIRMED,none_Z1
Y4_R07_D10,Y4_R07,Y4_Basic_Obfuscation,DuckDB,SQL,D2,dialect-specific documented predicate renderer plus Y tier,20,NOT_CONFIRMED,none_Z1
Y4_R07_D11,Y4_R07,Y4_Basic_Obfuscation,MongoDB,MQL/JSON,D3,dialect-specific documented predicate renderer plus Y tier,20,NOT_CONFIRMED,none_Z1
Y4_R07_D12,Y4_R07,Y4_Basic_Obfuscation,Couchbase,SQL++,D3,dialect-specific documented predicate renderer plus Y tier,20,NOT_CONFIRMED,none_Z1
Y4_R07_D13,Y4_R07,Y4_Basic_Obfuscation,Redis,RediSearch query syntax (module required),D4,dialect-specific documented predicate renderer plus Y tier,20,NOT_CONFIRMED,none_Z1
Y4_R07_D14,Y4_R07,Y4_Basic_Obfuscation,Cassandra,CQL,D4,dialect-specific documented predicate renderer plus Y tier,20,NOT_CONFIRMED,none_Z1
Y4_R07_D15,Y4_R07,Y4_Basic_Obfuscation,DynamoDB,Condition/FilterExpression with values,D4,dialect-specific documented predicate renderer plus Y tier,20,NOT_CONFIRMED,none_Z1
Y4_R07_D16,Y4_R07,Y4_Basic_Obfuscation,Neo4j,Cypher,D5,dialect-specific documented predicate renderer plus Y tier,20,NOT_CONFIRMED,none_Z1
Y4_R07_D17,Y4_R07,Y4_Basic_Obfuscation,Elasticsearch,JSON Query DSL,D5,dialect-specific documented predicate renderer plus Y tier,20,NOT_CONFIRMED,none_Z1
Y4_R07_D18,Y4_R07,Y4_Basic_Obfuscation,OpenSearch,JSON Query DSL,D5,dialect-specific documented predicate renderer plus Y tier,20,NOT_CONFIRMED,none_Z1
Y4_R08_D01,Y4_R08,Y4_Basic_Obfuscation,PostgreSQL,SQL,D1,dialect-specific documented predicate renderer plus Y tier,20,NOT_CONFIRMED,none_Z1
Y4_R08_D02,Y4_R08,Y4_Basic_Obfuscation,MySQL,SQL,D1,dialect-specific documented predicate renderer plus Y tier,20,NOT_CONFIRMED,none_Z1
Y4_R08_D03,Y4_R08,Y4_Basic_Obfuscation,MariaDB,SQL,D1,dialect-specific documented predicate renderer plus Y tier,20,NOT_CONFIRMED,none_Z1
Y4_R08_D04,Y4_R08,Y4_Basic_Obfuscation,SQLite,SQL,D1,dialect-specific documented predicate renderer plus Y tier,20,NOT_CONFIRMED,none_Z1
Y4_R08_D05,Y4_R08,Y4_Basic_Obfuscation,SQL Server,T-SQL,D1,dialect-specific documented predicate renderer plus Y tier,20,NOT_CONFIRMED,none_Z1
Y4_R08_D06,Y4_R08,Y4_Basic_Obfuscation,Oracle,SQL,D1,dialect-specific documented predicate renderer plus Y tier,20,NOT_CONFIRMED,none_Z1
Y4_R08_D07,Y4_R08,Y4_Basic_Obfuscation,BigQuery,GoogleSQL,D2,dialect-specific documented predicate renderer plus Y tier,20,NOT_CONFIRMED,none_Z1
Y4_R08_D08,Y4_R08,Y4_Basic_Obfuscation,Snowflake,SQL,D2,dialect-specific documented predicate renderer plus Y tier,20,NOT_CONFIRMED,none_Z1
Y4_R08_D09,Y4_R08,Y4_Basic_Obfuscation,ClickHouse,SQL,D2,dialect-specific documented predicate renderer plus Y tier,20,NOT_CONFIRMED,none_Z1
Y4_R08_D10,Y4_R08,Y4_Basic_Obfuscation,DuckDB,SQL,D2,dialect-specific documented predicate renderer plus Y tier,20,NOT_CONFIRMED,none_Z1
Y4_R08_D11,Y4_R08,Y4_Basic_Obfuscation,MongoDB,MQL/JSON,D3,dialect-specific documented predicate renderer plus Y tier,20,NOT_CONFIRMED,none_Z1
Y4_R08_D12,Y4_R08,Y4_Basic_Obfuscation,Couchbase,SQL++,D3,dialect-specific documented predicate renderer plus Y tier,20,NOT_CONFIRMED,none_Z1
Y4_R08_D13,Y4_R08,Y4_Basic_Obfuscation,Redis,RediSearch query syntax (module required),D4,dialect-specific documented predicate renderer plus Y tier,20,NOT_CONFIRMED,none_Z1
Y4_R08_D14,Y4_R08,Y4_Basic_Obfuscation,Cassandra,CQL,D4,dialect-specific documented predicate renderer plus Y tier,20,NOT_CONFIRMED,none_Z1
Y4_R08_D15,Y4_R08,Y4_Basic_Obfuscation,DynamoDB,Condition/FilterExpression with values,D4,dialect-specific documented predicate renderer plus Y tier,20,NOT_CONFIRMED,none_Z1
Y4_R08_D16,Y4_R08,Y4_Basic_Obfuscation,Neo4j,Cypher,D5,dialect-specific documented predicate renderer plus Y tier,20,NOT_CONFIRMED,none_Z1
Y4_R08_D17,Y4_R08,Y4_Basic_Obfuscation,Elasticsearch,JSON Query DSL,D5,dialect-specific documented predicate renderer plus Y tier,20,NOT_CONFIRMED,none_Z1
Y4_R08_D18,Y4_R08,Y4_Basic_Obfuscation,OpenSearch,JSON Query DSL,D5,dialect-specific documented predicate renderer plus Y tier,20,NOT_CONFIRMED,none_Z1
Y4_R09_D01,Y4_R09,Y4_Basic_Obfuscation,PostgreSQL,SQL,D1,dialect-specific documented predicate renderer plus Y tier,20,NOT_CONFIRMED,none_Z1
Y4_R09_D02,Y4_R09,Y4_Basic_Obfuscation,MySQL,SQL,D1,dialect-specific documented predicate renderer plus Y tier,20,NOT_CONFIRMED,none_Z1
Y4_R09_D03,Y4_R09,Y4_Basic_Obfuscation,MariaDB,SQL,D1,dialect-specific documented predicate renderer plus Y tier,20,NOT_CONFIRMED,none_Z1
Y4_R09_D04,Y4_R09,Y4_Basic_Obfuscation,SQLite,SQL,D1,dialect-specific documented predicate renderer plus Y tier,20,NOT_CONFIRMED,none_Z1
Y4_R09_D05,Y4_R09,Y4_Basic_Obfuscation,SQL Server,T-SQL,D1,dialect-specific documented predicate renderer plus Y tier,20,NOT_CONFIRMED,none_Z1
Y4_R09_D06,Y4_R09,Y4_Basic_Obfuscation,Oracle,SQL,D1,dialect-specific documented predicate renderer plus Y tier,20,NOT_CONFIRMED,none_Z1
Y4_R09_D07,Y4_R09,Y4_Basic_Obfuscation,BigQuery,GoogleSQL,D2,dialect-specific documented predicate renderer plus Y tier,20,NOT_CONFIRMED,none_Z1
Y4_R09_D08,Y4_R09,Y4_Basic_Obfuscation,Snowflake,SQL,D2,dialect-specific documented predicate renderer plus Y tier,20,NOT_CONFIRMED,none_Z1
Y4_R09_D09,Y4_R09,Y4_Basic_Obfuscation,ClickHouse,SQL,D2,dialect-specific documented predicate renderer plus Y tier,20,NOT_CONFIRMED,none_Z1
Y4_R09_D10,Y4_R09,Y4_Basic_Obfuscation,DuckDB,SQL,D2,dialect-specific documented predicate renderer plus Y tier,20,NOT_CONFIRMED,none_Z1
Y4_R09_D11,Y4_R09,Y4_Basic_Obfuscation,MongoDB,MQL/JSON,D3,dialect-specific documented predicate renderer plus Y tier,20,NOT_CONFIRMED,none_Z1
Y4_R09_D12,Y4_R09,Y4_Basic_Obfuscation,Couchbase,SQL++,D3,dialect-specific documented predicate renderer plus Y tier,20,NOT_CONFIRMED,none_Z1
Y4_R09_D13,Y4_R09,Y4_Basic_Obfuscation,Redis,RediSearch query syntax (module required),D4,dialect-specific documented predicate renderer plus Y tier,20,NOT_CONFIRMED,none_Z1
Y4_R09_D14,Y4_R09,Y4_Basic_Obfuscation,Cassandra,CQL,D4,dialect-specific documented predicate renderer plus Y tier,20,NOT_CONFIRMED,none_Z1
Y4_R09_D15,Y4_R09,Y4_Basic_Obfuscation,DynamoDB,Condition/FilterExpression with values,D4,dialect-specific documented predicate renderer plus Y tier,20,NOT_CONFIRMED,none_Z1
Y4_R09_D16,Y4_R09,Y4_Basic_Obfuscation,Neo4j,Cypher,D5,dialect-specific documented predicate renderer plus Y tier,20,NOT_CONFIRMED,none_Z1
Y4_R09_D17,Y4_R09,Y4_Basic_Obfuscation,Elasticsearch,JSON Query DSL,D5,dialect-specific documented predicate renderer plus Y tier,20,NOT_CONFIRMED,none_Z1
Y4_R09_D18,Y4_R09,Y4_Basic_Obfuscation,OpenSearch,JSON Query DSL,D5,dialect-specific documented predicate renderer plus Y tier,20,NOT_CONFIRMED,none_Z1
Y4_R10_D01,Y4_R10,Y4_Basic_Obfuscation,PostgreSQL,SQL,D1,dialect-specific documented predicate renderer plus Y tier,20,NOT_CONFIRMED,none_Z1
Y4_R10_D02,Y4_R10,Y4_Basic_Obfuscation,MySQL,SQL,D1,dialect-specific documented predicate renderer plus Y tier,20,NOT_CONFIRMED,none_Z1
Y4_R10_D03,Y4_R10,Y4_Basic_Obfuscation,MariaDB,SQL,D1,dialect-specific documented predicate renderer plus Y tier,20,NOT_CONFIRMED,none_Z1
Y4_R10_D04,Y4_R10,Y4_Basic_Obfuscation,SQLite,SQL,D1,dialect-specific documented predicate renderer plus Y tier,20,NOT_CONFIRMED,none_Z1
Y4_R10_D05,Y4_R10,Y4_Basic_Obfuscation,SQL Server,T-SQL,D1,dialect-specific documented predicate renderer plus Y tier,20,NOT_CONFIRMED,none_Z1
Y4_R10_D06,Y4_R10,Y4_Basic_Obfuscation,Oracle,SQL,D1,dialect-specific documented predicate renderer plus Y tier,20,NOT_CONFIRMED,none_Z1
Y4_R10_D07,Y4_R10,Y4_Basic_Obfuscation,BigQuery,GoogleSQL,D2,dialect-specific documented predicate renderer plus Y tier,20,NOT_CONFIRMED,none_Z1
Y4_R10_D08,Y4_R10,Y4_Basic_Obfuscation,Snowflake,SQL,D2,dialect-specific documented predicate renderer plus Y tier,20,NOT_CONFIRMED,none_Z1
Y4_R10_D09,Y4_R10,Y4_Basic_Obfuscation,ClickHouse,SQL,D2,dialect-specific documented predicate renderer plus Y tier,20,NOT_CONFIRMED,none_Z1
Y4_R10_D10,Y4_R10,Y4_Basic_Obfuscation,DuckDB,SQL,D2,dialect-specific documented predicate renderer plus Y tier,20,NOT_CONFIRMED,none_Z1
Y4_R10_D11,Y4_R10,Y4_Basic_Obfuscation,MongoDB,MQL/JSON,D3,dialect-specific documented predicate renderer plus Y tier,20,NOT_CONFIRMED,none_Z1
Y4_R10_D12,Y4_R10,Y4_Basic_Obfuscation,Couchbase,SQL++,D3,dialect-specific documented predicate renderer plus Y tier,20,NOT_CONFIRMED,none_Z1
Y4_R10_D13,Y4_R10,Y4_Basic_Obfuscation,Redis,RediSearch query syntax (module required),D4,dialect-specific documented predicate renderer plus Y tier,20,NOT_CONFIRMED,none_Z1
Y4_R10_D14,Y4_R10,Y4_Basic_Obfuscation,Cassandra,CQL,D4,dialect-specific documented predicate renderer plus Y tier,20,NOT_CONFIRMED,none_Z1
Y4_R10_D15,Y4_R10,Y4_Basic_Obfuscation,DynamoDB,Condition/FilterExpression with values,D4,dialect-specific documented predicate renderer plus Y tier,20,NOT_CONFIRMED,none_Z1
Y4_R10_D16,Y4_R10,Y4_Basic_Obfuscation,Neo4j,Cypher,D5,dialect-specific documented predicate renderer plus Y tier,20,NOT_CONFIRMED,none_Z1
Y4_R10_D17,Y4_R10,Y4_Basic_Obfuscation,Elasticsearch,JSON Query DSL,D5,dialect-specific documented predicate renderer plus Y tier,20,NOT_CONFIRMED,none_Z1
Y4_R10_D18,Y4_R10,Y4_Basic_Obfuscation,OpenSearch,JSON Query DSL,D5,dialect-specific documented predicate renderer plus Y tier,20,NOT_CONFIRMED,none_Z1
Y4_R11_D01,Y4_R11,Y4_Basic_Obfuscation,PostgreSQL,SQL,D1,dialect-specific documented predicate renderer plus Y tier,20,NOT_CONFIRMED,none_Z1
Y4_R11_D02,Y4_R11,Y4_Basic_Obfuscation,MySQL,SQL,D1,dialect-specific documented predicate renderer plus Y tier,20,NOT_CONFIRMED,none_Z1
Y4_R11_D03,Y4_R11,Y4_Basic_Obfuscation,MariaDB,SQL,D1,dialect-specific documented predicate renderer plus Y tier,20,NOT_CONFIRMED,none_Z1
Y4_R11_D04,Y4_R11,Y4_Basic_Obfuscation,SQLite,SQL,D1,dialect-specific documented predicate renderer plus Y tier,20,NOT_CONFIRMED,none_Z1
Y4_R11_D05,Y4_R11,Y4_Basic_Obfuscation,SQL Server,T-SQL,D1,dialect-specific documented predicate renderer plus Y tier,20,NOT_CONFIRMED,none_Z1
Y4_R11_D06,Y4_R11,Y4_Basic_Obfuscation,Oracle,SQL,D1,dialect-specific documented predicate renderer plus Y tier,20,NOT_CONFIRMED,none_Z1
Y4_R11_D07,Y4_R11,Y4_Basic_Obfuscation,BigQuery,GoogleSQL,D2,dialect-specific documented predicate renderer plus Y tier,20,NOT_CONFIRMED,none_Z1
Y4_R11_D08,Y4_R11,Y4_Basic_Obfuscation,Snowflake,SQL,D2,dialect-specific documented predicate renderer plus Y tier,20,NOT_CONFIRMED,none_Z1
Y4_R11_D09,Y4_R11,Y4_Basic_Obfuscation,ClickHouse,SQL,D2,dialect-specific documented predicate renderer plus Y tier,20,NOT_CONFIRMED,none_Z1
Y4_R11_D10,Y4_R11,Y4_Basic_Obfuscation,DuckDB,SQL,D2,dialect-specific documented predicate renderer plus Y tier,20,NOT_CONFIRMED,none_Z1
Y4_R11_D11,Y4_R11,Y4_Basic_Obfuscation,MongoDB,MQL/JSON,D3,dialect-specific documented predicate renderer plus Y tier,20,NOT_CONFIRMED,none_Z1
Y4_R11_D12,Y4_R11,Y4_Basic_Obfuscation,Couchbase,SQL++,D3,dialect-specific documented predicate renderer plus Y tier,20,NOT_CONFIRMED,none_Z1
Y4_R11_D13,Y4_R11,Y4_Basic_Obfuscation,Redis,RediSearch query syntax (module required),D4,dialect-specific documented predicate renderer plus Y tier,20,NOT_CONFIRMED,none_Z1
Y4_R11_D14,Y4_R11,Y4_Basic_Obfuscation,Cassandra,CQL,D4,dialect-specific documented predicate renderer plus Y tier,20,NOT_CONFIRMED,none_Z1
Y4_R11_D15,Y4_R11,Y4_Basic_Obfuscation,DynamoDB,Condition/FilterExpression with values,D4,dialect-specific documented predicate renderer plus Y tier,20,NOT_CONFIRMED,none_Z1
Y4_R11_D16,Y4_R11,Y4_Basic_Obfuscation,Neo4j,Cypher,D5,dialect-specific documented predicate renderer plus Y tier,20,NOT_CONFIRMED,none_Z1
Y4_R11_D17,Y4_R11,Y4_Basic_Obfuscation,Elasticsearch,JSON Query DSL,D5,dialect-specific documented predicate renderer plus Y tier,20,NOT_CONFIRMED,none_Z1
Y4_R11_D18,Y4_R11,Y4_Basic_Obfuscation,OpenSearch,JSON Query DSL,D5,dialect-specific documented predicate renderer plus Y tier,20,NOT_CONFIRMED,none_Z1
Y4_R12_D01,Y4_R12,Y4_Basic_Obfuscation,PostgreSQL,SQL,D1,dialect-specific documented predicate renderer plus Y tier,20,NOT_CONFIRMED,none_Z1
Y4_R12_D02,Y4_R12,Y4_Basic_Obfuscation,MySQL,SQL,D1,dialect-specific documented predicate renderer plus Y tier,20,NOT_CONFIRMED,none_Z1
Y4_R12_D03,Y4_R12,Y4_Basic_Obfuscation,MariaDB,SQL,D1,dialect-specific documented predicate renderer plus Y tier,20,NOT_CONFIRMED,none_Z1
Y4_R12_D04,Y4_R12,Y4_Basic_Obfuscation,SQLite,SQL,D1,dialect-specific documented predicate renderer plus Y tier,20,NOT_CONFIRMED,none_Z1
Y4_R12_D05,Y4_R12,Y4_Basic_Obfuscation,SQL Server,T-SQL,D1,dialect-specific documented predicate renderer plus Y tier,20,NOT_CONFIRMED,none_Z1
Y4_R12_D06,Y4_R12,Y4_Basic_Obfuscation,Oracle,SQL,D1,dialect-specific documented predicate renderer plus Y tier,20,NOT_CONFIRMED,none_Z1
Y4_R12_D07,Y4_R12,Y4_Basic_Obfuscation,BigQuery,GoogleSQL,D2,dialect-specific documented predicate renderer plus Y tier,20,NOT_CONFIRMED,none_Z1
Y4_R12_D08,Y4_R12,Y4_Basic_Obfuscation,Snowflake,SQL,D2,dialect-specific documented predicate renderer plus Y tier,20,NOT_CONFIRMED,none_Z1
Y4_R12_D09,Y4_R12,Y4_Basic_Obfuscation,ClickHouse,SQL,D2,dialect-specific documented predicate renderer plus Y tier,20,NOT_CONFIRMED,none_Z1
Y4_R12_D10,Y4_R12,Y4_Basic_Obfuscation,DuckDB,SQL,D2,dialect-specific documented predicate renderer plus Y tier,20,NOT_CONFIRMED,none_Z1
Y4_R12_D11,Y4_R12,Y4_Basic_Obfuscation,MongoDB,MQL/JSON,D3,dialect-specific documented predicate renderer plus Y tier,20,NOT_CONFIRMED,none_Z1
Y4_R12_D12,Y4_R12,Y4_Basic_Obfuscation,Couchbase,SQL++,D3,dialect-specific documented predicate renderer plus Y tier,20,NOT_CONFIRMED,none_Z1
Y4_R12_D13,Y4_R12,Y4_Basic_Obfuscation,Redis,RediSearch query syntax (module required),D4,dialect-specific documented predicate renderer plus Y tier,20,NOT_CONFIRMED,none_Z1
Y4_R12_D14,Y4_R12,Y4_Basic_Obfuscation,Cassandra,CQL,D4,dialect-specific documented predicate renderer plus Y tier,20,NOT_CONFIRMED,none_Z1
Y4_R12_D15,Y4_R12,Y4_Basic_Obfuscation,DynamoDB,Condition/FilterExpression with values,D4,dialect-specific documented predicate renderer plus Y tier,20,NOT_CONFIRMED,none_Z1
Y4_R12_D16,Y4_R12,Y4_Basic_Obfuscation,Neo4j,Cypher,D5,dialect-specific documented predicate renderer plus Y tier,20,NOT_CONFIRMED,none_Z1
Y4_R12_D17,Y4_R12,Y4_Basic_Obfuscation,Elasticsearch,JSON Query DSL,D5,dialect-specific documented predicate renderer plus Y tier,20,NOT_CONFIRMED,none_Z1
Y4_R12_D18,Y4_R12,Y4_Basic_Obfuscation,OpenSearch,JSON Query DSL,D5,dialect-specific documented predicate renderer plus Y tier,20,NOT_CONFIRMED,none_Z1
Y4_R13_D01,Y4_R13,Y4_Basic_Obfuscation,PostgreSQL,SQL,D1,dialect-specific documented predicate renderer plus Y tier,20,NOT_CONFIRMED,none_Z1
Y4_R13_D02,Y4_R13,Y4_Basic_Obfuscation,MySQL,SQL,D1,dialect-specific documented predicate renderer plus Y tier,20,NOT_CONFIRMED,none_Z1
Y4_R13_D03,Y4_R13,Y4_Basic_Obfuscation,MariaDB,SQL,D1,dialect-specific documented predicate renderer plus Y tier,20,NOT_CONFIRMED,none_Z1
Y4_R13_D04,Y4_R13,Y4_Basic_Obfuscation,SQLite,SQL,D1,dialect-specific documented predicate renderer plus Y tier,20,NOT_CONFIRMED,none_Z1
Y4_R13_D05,Y4_R13,Y4_Basic_Obfuscation,SQL Server,T-SQL,D1,dialect-specific documented predicate renderer plus Y tier,20,NOT_CONFIRMED,none_Z1
Y4_R13_D06,Y4_R13,Y4_Basic_Obfuscation,Oracle,SQL,D1,dialect-specific documented predicate renderer plus Y tier,20,NOT_CONFIRMED,none_Z1
Y4_R13_D07,Y4_R13,Y4_Basic_Obfuscation,BigQuery,GoogleSQL,D2,dialect-specific documented predicate renderer plus Y tier,20,NOT_CONFIRMED,none_Z1
Y4_R13_D08,Y4_R13,Y4_Basic_Obfuscation,Snowflake,SQL,D2,dialect-specific documented predicate renderer plus Y tier,20,NOT_CONFIRMED,none_Z1
Y4_R13_D09,Y4_R13,Y4_Basic_Obfuscation,ClickHouse,SQL,D2,dialect-specific documented predicate renderer plus Y tier,20,NOT_CONFIRMED,none_Z1
Y4_R13_D10,Y4_R13,Y4_Basic_Obfuscation,DuckDB,SQL,D2,dialect-specific documented predicate renderer plus Y tier,20,NOT_CONFIRMED,none_Z1
Y4_R13_D11,Y4_R13,Y4_Basic_Obfuscation,MongoDB,MQL/JSON,D3,dialect-specific documented predicate renderer plus Y tier,20,NOT_CONFIRMED,none_Z1
Y4_R13_D12,Y4_R13,Y4_Basic_Obfuscation,Couchbase,SQL++,D3,dialect-specific documented predicate renderer plus Y tier,20,NOT_CONFIRMED,none_Z1
Y4_R13_D13,Y4_R13,Y4_Basic_Obfuscation,Redis,RediSearch query syntax (module required),D4,dialect-specific documented predicate renderer plus Y tier,20,NOT_CONFIRMED,none_Z1
Y4_R13_D14,Y4_R13,Y4_Basic_Obfuscation,Cassandra,CQL,D4,dialect-specific documented predicate renderer plus Y tier,20,NOT_CONFIRMED,none_Z1
Y4_R13_D15,Y4_R13,Y4_Basic_Obfuscation,DynamoDB,Condition/FilterExpression with values,D4,dialect-specific documented predicate renderer plus Y tier,20,NOT_CONFIRMED,none_Z1
Y4_R13_D16,Y4_R13,Y4_Basic_Obfuscation,Neo4j,Cypher,D5,dialect-specific documented predicate renderer plus Y tier,20,NOT_CONFIRMED,none_Z1
Y4_R13_D17,Y4_R13,Y4_Basic_Obfuscation,Elasticsearch,JSON Query DSL,D5,dialect-specific documented predicate renderer plus Y tier,20,NOT_CONFIRMED,none_Z1
Y4_R13_D18,Y4_R13,Y4_Basic_Obfuscation,OpenSearch,JSON Query DSL,D5,dialect-specific documented predicate renderer plus Y tier,20,NOT_CONFIRMED,none_Z1
Y4_R14_D01,Y4_R14,Y4_Basic_Obfuscation,PostgreSQL,SQL,D1,dialect-specific documented predicate renderer plus Y tier,20,NOT_CONFIRMED,none_Z1
Y4_R14_D02,Y4_R14,Y4_Basic_Obfuscation,MySQL,SQL,D1,dialect-specific documented predicate renderer plus Y tier,20,NOT_CONFIRMED,none_Z1
Y4_R14_D03,Y4_R14,Y4_Basic_Obfuscation,MariaDB,SQL,D1,dialect-specific documented predicate renderer plus Y tier,20,NOT_CONFIRMED,none_Z1
Y4_R14_D04,Y4_R14,Y4_Basic_Obfuscation,SQLite,SQL,D1,dialect-specific documented predicate renderer plus Y tier,20,NOT_CONFIRMED,none_Z1
Y4_R14_D05,Y4_R14,Y4_Basic_Obfuscation,SQL Server,T-SQL,D1,dialect-specific documented predicate renderer plus Y tier,20,NOT_CONFIRMED,none_Z1
Y4_R14_D06,Y4_R14,Y4_Basic_Obfuscation,Oracle,SQL,D1,dialect-specific documented predicate renderer plus Y tier,20,NOT_CONFIRMED,none_Z1
Y4_R14_D07,Y4_R14,Y4_Basic_Obfuscation,BigQuery,GoogleSQL,D2,dialect-specific documented predicate renderer plus Y tier,20,NOT_CONFIRMED,none_Z1
Y4_R14_D08,Y4_R14,Y4_Basic_Obfuscation,Snowflake,SQL,D2,dialect-specific documented predicate renderer plus Y tier,20,NOT_CONFIRMED,none_Z1
Y4_R14_D09,Y4_R14,Y4_Basic_Obfuscation,ClickHouse,SQL,D2,dialect-specific documented predicate renderer plus Y tier,20,NOT_CONFIRMED,none_Z1
Y4_R14_D10,Y4_R14,Y4_Basic_Obfuscation,DuckDB,SQL,D2,dialect-specific documented predicate renderer plus Y tier,20,NOT_CONFIRMED,none_Z1
Y4_R14_D11,Y4_R14,Y4_Basic_Obfuscation,MongoDB,MQL/JSON,D3,dialect-specific documented predicate renderer plus Y tier,20,NOT_CONFIRMED,none_Z1
Y4_R14_D12,Y4_R14,Y4_Basic_Obfuscation,Couchbase,SQL++,D3,dialect-specific documented predicate renderer plus Y tier,20,NOT_CONFIRMED,none_Z1
Y4_R14_D13,Y4_R14,Y4_Basic_Obfuscation,Redis,RediSearch query syntax (module required),D4,dialect-specific documented predicate renderer plus Y tier,20,NOT_CONFIRMED,none_Z1
Y4_R14_D14,Y4_R14,Y4_Basic_Obfuscation,Cassandra,CQL,D4,dialect-specific documented predicate renderer plus Y tier,20,NOT_CONFIRMED,none_Z1
Y4_R14_D15,Y4_R14,Y4_Basic_Obfuscation,DynamoDB,Condition/FilterExpression with values,D4,dialect-specific documented predicate renderer plus Y tier,20,NOT_CONFIRMED,none_Z1
Y4_R14_D16,Y4_R14,Y4_Basic_Obfuscation,Neo4j,Cypher,D5,dialect-specific documented predicate renderer plus Y tier,20,NOT_CONFIRMED,none_Z1
Y4_R14_D17,Y4_R14,Y4_Basic_Obfuscation,Elasticsearch,JSON Query DSL,D5,dialect-specific documented predicate renderer plus Y tier,20,NOT_CONFIRMED,none_Z1
Y4_R14_D18,Y4_R14,Y4_Basic_Obfuscation,OpenSearch,JSON Query DSL,D5,dialect-specific documented predicate renderer plus Y tier,20,NOT_CONFIRMED,none_Z1
Y4_R15_D01,Y4_R15,Y4_Basic_Obfuscation,PostgreSQL,SQL,D1,dialect-specific documented predicate renderer plus Y tier,20,NOT_CONFIRMED,none_Z1
Y4_R15_D02,Y4_R15,Y4_Basic_Obfuscation,MySQL,SQL,D1,dialect-specific documented predicate renderer plus Y tier,20,NOT_CONFIRMED,none_Z1
Y4_R15_D03,Y4_R15,Y4_Basic_Obfuscation,MariaDB,SQL,D1,dialect-specific documented predicate renderer plus Y tier,20,NOT_CONFIRMED,none_Z1
Y4_R15_D04,Y4_R15,Y4_Basic_Obfuscation,SQLite,SQL,D1,dialect-specific documented predicate renderer plus Y tier,20,NOT_CONFIRMED,none_Z1
Y4_R15_D05,Y4_R15,Y4_Basic_Obfuscation,SQL Server,T-SQL,D1,dialect-specific documented predicate renderer plus Y tier,20,NOT_CONFIRMED,none_Z1
Y4_R15_D06,Y4_R15,Y4_Basic_Obfuscation,Oracle,SQL,D1,dialect-specific documented predicate renderer plus Y tier,20,NOT_CONFIRMED,none_Z1
Y4_R15_D07,Y4_R15,Y4_Basic_Obfuscation,BigQuery,GoogleSQL,D2,dialect-specific documented predicate renderer plus Y tier,20,NOT_CONFIRMED,none_Z1
Y4_R15_D08,Y4_R15,Y4_Basic_Obfuscation,Snowflake,SQL,D2,dialect-specific documented predicate renderer plus Y tier,20,NOT_CONFIRMED,none_Z1
Y4_R15_D09,Y4_R15,Y4_Basic_Obfuscation,ClickHouse,SQL,D2,dialect-specific documented predicate renderer plus Y tier,20,NOT_CONFIRMED,none_Z1
Y4_R15_D10,Y4_R15,Y4_Basic_Obfuscation,DuckDB,SQL,D2,dialect-specific documented predicate renderer plus Y tier,20,NOT_CONFIRMED,none_Z1
Y4_R15_D11,Y4_R15,Y4_Basic_Obfuscation,MongoDB,MQL/JSON,D3,dialect-specific documented predicate renderer plus Y tier,20,NOT_CONFIRMED,none_Z1
Y4_R15_D12,Y4_R15,Y4_Basic_Obfuscation,Couchbase,SQL++,D3,dialect-specific documented predicate renderer plus Y tier,20,NOT_CONFIRMED,none_Z1
Y4_R15_D13,Y4_R15,Y4_Basic_Obfuscation,Redis,RediSearch query syntax (module required),D4,dialect-specific documented predicate renderer plus Y tier,20,NOT_CONFIRMED,none_Z1
Y4_R15_D14,Y4_R15,Y4_Basic_Obfuscation,Cassandra,CQL,D4,dialect-specific documented predicate renderer plus Y tier,20,NOT_CONFIRMED,none_Z1
Y4_R15_D15,Y4_R15,Y4_Basic_Obfuscation,DynamoDB,Condition/FilterExpression with values,D4,dialect-specific documented predicate renderer plus Y tier,20,NOT_CONFIRMED,none_Z1
Y4_R15_D16,Y4_R15,Y4_Basic_Obfuscation,Neo4j,Cypher,D5,dialect-specific documented predicate renderer plus Y tier,20,NOT_CONFIRMED,none_Z1
Y4_R15_D17,Y4_R15,Y4_Basic_Obfuscation,Elasticsearch,JSON Query DSL,D5,dialect-specific documented predicate renderer plus Y tier,20,NOT_CONFIRMED,none_Z1
Y4_R15_D18,Y4_R15,Y4_Basic_Obfuscation,OpenSearch,JSON Query DSL,D5,dialect-specific documented predicate renderer plus Y tier,20,NOT_CONFIRMED,none_Z1
Y4_R16_D01,Y4_R16,Y4_Basic_Obfuscation,PostgreSQL,SQL,D1,dialect-specific documented predicate renderer plus Y tier,20,NOT_CONFIRMED,none_Z1
Y4_R16_D02,Y4_R16,Y4_Basic_Obfuscation,MySQL,SQL,D1,dialect-specific documented predicate renderer plus Y tier,20,NOT_CONFIRMED,none_Z1
Y4_R16_D03,Y4_R16,Y4_Basic_Obfuscation,MariaDB,SQL,D1,dialect-specific documented predicate renderer plus Y tier,20,NOT_CONFIRMED,none_Z1
Y4_R16_D04,Y4_R16,Y4_Basic_Obfuscation,SQLite,SQL,D1,dialect-specific documented predicate renderer plus Y tier,20,NOT_CONFIRMED,none_Z1
Y4_R16_D05,Y4_R16,Y4_Basic_Obfuscation,SQL Server,T-SQL,D1,dialect-specific documented predicate renderer plus Y tier,20,NOT_CONFIRMED,none_Z1
Y4_R16_D06,Y4_R16,Y4_Basic_Obfuscation,Oracle,SQL,D1,dialect-specific documented predicate renderer plus Y tier,20,NOT_CONFIRMED,none_Z1
Y4_R16_D07,Y4_R16,Y4_Basic_Obfuscation,BigQuery,GoogleSQL,D2,dialect-specific documented predicate renderer plus Y tier,20,NOT_CONFIRMED,none_Z1
Y4_R16_D08,Y4_R16,Y4_Basic_Obfuscation,Snowflake,SQL,D2,dialect-specific documented predicate renderer plus Y tier,20,NOT_CONFIRMED,none_Z1
Y4_R16_D09,Y4_R16,Y4_Basic_Obfuscation,ClickHouse,SQL,D2,dialect-specific documented predicate renderer plus Y tier,20,NOT_CONFIRMED,none_Z1
Y4_R16_D10,Y4_R16,Y4_Basic_Obfuscation,DuckDB,SQL,D2,dialect-specific documented predicate renderer plus Y tier,20,NOT_CONFIRMED,none_Z1
Y4_R16_D11,Y4_R16,Y4_Basic_Obfuscation,MongoDB,MQL/JSON,D3,dialect-specific documented predicate renderer plus Y tier,20,NOT_CONFIRMED,none_Z1
Y4_R16_D12,Y4_R16,Y4_Basic_Obfuscation,Couchbase,SQL++,D3,dialect-specific documented predicate renderer plus Y tier,20,NOT_CONFIRMED,none_Z1
Y4_R16_D13,Y4_R16,Y4_Basic_Obfuscation,Redis,RediSearch query syntax (module required),D4,dialect-specific documented predicate renderer plus Y tier,20,NOT_CONFIRMED,none_Z1
Y4_R16_D14,Y4_R16,Y4_Basic_Obfuscation,Cassandra,CQL,D4,dialect-specific documented predicate renderer plus Y tier,20,NOT_CONFIRMED,none_Z1
Y4_R16_D15,Y4_R16,Y4_Basic_Obfuscation,DynamoDB,Condition/FilterExpression with values,D4,dialect-specific documented predicate renderer plus Y tier,20,NOT_CONFIRMED,none_Z1
Y4_R16_D16,Y4_R16,Y4_Basic_Obfuscation,Neo4j,Cypher,D5,dialect-specific documented predicate renderer plus Y tier,20,NOT_CONFIRMED,none_Z1
Y4_R16_D17,Y4_R16,Y4_Basic_Obfuscation,Elasticsearch,JSON Query DSL,D5,dialect-specific documented predicate renderer plus Y tier,20,NOT_CONFIRMED,none_Z1
Y4_R16_D18,Y4_R16,Y4_Basic_Obfuscation,OpenSearch,JSON Query DSL,D5,dialect-specific documented predicate renderer plus Y tier,20,NOT_CONFIRMED,none_Z1
Y4_R17_D01,Y4_R17,Y4_Basic_Obfuscation,PostgreSQL,SQL,D1,dialect-specific documented predicate renderer plus Y tier,20,NOT_CONFIRMED,none_Z1
Y4_R17_D02,Y4_R17,Y4_Basic_Obfuscation,MySQL,SQL,D1,dialect-specific documented predicate renderer plus Y tier,20,NOT_CONFIRMED,none_Z1
Y4_R17_D03,Y4_R17,Y4_Basic_Obfuscation,MariaDB,SQL,D1,dialect-specific documented predicate renderer plus Y tier,20,NOT_CONFIRMED,none_Z1
Y4_R17_D04,Y4_R17,Y4_Basic_Obfuscation,SQLite,SQL,D1,dialect-specific documented predicate renderer plus Y tier,20,NOT_CONFIRMED,none_Z1
Y4_R17_D05,Y4_R17,Y4_Basic_Obfuscation,SQL Server,T-SQL,D1,dialect-specific documented predicate renderer plus Y tier,20,NOT_CONFIRMED,none_Z1
Y4_R17_D06,Y4_R17,Y4_Basic_Obfuscation,Oracle,SQL,D1,dialect-specific documented predicate renderer plus Y tier,20,NOT_CONFIRMED,none_Z1
Y4_R17_D07,Y4_R17,Y4_Basic_Obfuscation,BigQuery,GoogleSQL,D2,dialect-specific documented predicate renderer plus Y tier,20,NOT_CONFIRMED,none_Z1
Y4_R17_D08,Y4_R17,Y4_Basic_Obfuscation,Snowflake,SQL,D2,dialect-specific documented predicate renderer plus Y tier,20,NOT_CONFIRMED,none_Z1
Y4_R17_D09,Y4_R17,Y4_Basic_Obfuscation,ClickHouse,SQL,D2,dialect-specific documented predicate renderer plus Y tier,20,NOT_CONFIRMED,none_Z1
Y4_R17_D10,Y4_R17,Y4_Basic_Obfuscation,DuckDB,SQL,D2,dialect-specific documented predicate renderer plus Y tier,20,NOT_CONFIRMED,none_Z1
Y4_R17_D11,Y4_R17,Y4_Basic_Obfuscation,MongoDB,MQL/JSON,D3,dialect-specific documented predicate renderer plus Y tier,20,NOT_CONFIRMED,none_Z1
Y4_R17_D12,Y4_R17,Y4_Basic_Obfuscation,Couchbase,SQL++,D3,dialect-specific documented predicate renderer plus Y tier,20,NOT_CONFIRMED,none_Z1
Y4_R17_D13,Y4_R17,Y4_Basic_Obfuscation,Redis,RediSearch query syntax (module required),D4,dialect-specific documented predicate renderer plus Y tier,20,NOT_CONFIRMED,none_Z1
Y4_R17_D14,Y4_R17,Y4_Basic_Obfuscation,Cassandra,CQL,D4,dialect-specific documented predicate renderer plus Y tier,20,NOT_CONFIRMED,none_Z1
Y4_R17_D15,Y4_R17,Y4_Basic_Obfuscation,DynamoDB,Condition/FilterExpression with values,D4,dialect-specific documented predicate renderer plus Y tier,20,NOT_CONFIRMED,none_Z1
Y4_R17_D16,Y4_R17,Y4_Basic_Obfuscation,Neo4j,Cypher,D5,dialect-specific documented predicate renderer plus Y tier,20,NOT_CONFIRMED,none_Z1
Y4_R17_D17,Y4_R17,Y4_Basic_Obfuscation,Elasticsearch,JSON Query DSL,D5,dialect-specific documented predicate renderer plus Y tier,20,NOT_CONFIRMED,none_Z1
Y4_R17_D18,Y4_R17,Y4_Basic_Obfuscation,OpenSearch,JSON Query DSL,D5,dialect-specific documented predicate renderer plus Y tier,20,NOT_CONFIRMED,none_Z1
Y4_R18_D01,Y4_R18,Y4_Basic_Obfuscation,PostgreSQL,SQL,D1,dialect-specific documented predicate renderer plus Y tier,20,NOT_CONFIRMED,none_Z1
Y4_R18_D02,Y4_R18,Y4_Basic_Obfuscation,MySQL,SQL,D1,dialect-specific documented predicate renderer plus Y tier,20,NOT_CONFIRMED,none_Z1
Y4_R18_D03,Y4_R18,Y4_Basic_Obfuscation,MariaDB,SQL,D1,dialect-specific documented predicate renderer plus Y tier,20,NOT_CONFIRMED,none_Z1
Y4_R18_D04,Y4_R18,Y4_Basic_Obfuscation,SQLite,SQL,D1,dialect-specific documented predicate renderer plus Y tier,20,NOT_CONFIRMED,none_Z1
Y4_R18_D05,Y4_R18,Y4_Basic_Obfuscation,SQL Server,T-SQL,D1,dialect-specific documented predicate renderer plus Y tier,20,NOT_CONFIRMED,none_Z1
Y4_R18_D06,Y4_R18,Y4_Basic_Obfuscation,Oracle,SQL,D1,dialect-specific documented predicate renderer plus Y tier,20,NOT_CONFIRMED,none_Z1
Y4_R18_D07,Y4_R18,Y4_Basic_Obfuscation,BigQuery,GoogleSQL,D2,dialect-specific documented predicate renderer plus Y tier,20,NOT_CONFIRMED,none_Z1
Y4_R18_D08,Y4_R18,Y4_Basic_Obfuscation,Snowflake,SQL,D2,dialect-specific documented predicate renderer plus Y tier,20,NOT_CONFIRMED,none_Z1
Y4_R18_D09,Y4_R18,Y4_Basic_Obfuscation,ClickHouse,SQL,D2,dialect-specific documented predicate renderer plus Y tier,20,NOT_CONFIRMED,none_Z1
Y4_R18_D10,Y4_R18,Y4_Basic_Obfuscation,DuckDB,SQL,D2,dialect-specific documented predicate renderer plus Y tier,20,NOT_CONFIRMED,none_Z1
Y4_R18_D11,Y4_R18,Y4_Basic_Obfuscation,MongoDB,MQL/JSON,D3,dialect-specific documented predicate renderer plus Y tier,20,NOT_CONFIRMED,none_Z1
Y4_R18_D12,Y4_R18,Y4_Basic_Obfuscation,Couchbase,SQL++,D3,dialect-specific documented predicate renderer plus Y tier,20,NOT_CONFIRMED,none_Z1
Y4_R18_D13,Y4_R18,Y4_Basic_Obfuscation,Redis,RediSearch query syntax (module required),D4,dialect-specific documented predicate renderer plus Y tier,20,NOT_CONFIRMED,none_Z1
Y4_R18_D14,Y4_R18,Y4_Basic_Obfuscation,Cassandra,CQL,D4,dialect-specific documented predicate renderer plus Y tier,20,NOT_CONFIRMED,none_Z1
Y4_R18_D15,Y4_R18,Y4_Basic_Obfuscation,DynamoDB,Condition/FilterExpression with values,D4,dialect-specific documented predicate renderer plus Y tier,20,NOT_CONFIRMED,none_Z1
Y4_R18_D16,Y4_R18,Y4_Basic_Obfuscation,Neo4j,Cypher,D5,dialect-specific documented predicate renderer plus Y tier,20,NOT_CONFIRMED,none_Z1
Y4_R18_D17,Y4_R18,Y4_Basic_Obfuscation,Elasticsearch,JSON Query DSL,D5,dialect-specific documented predicate renderer plus Y tier,20,NOT_CONFIRMED,none_Z1
Y4_R18_D18,Y4_R18,Y4_Basic_Obfuscation,OpenSearch,JSON Query DSL,D5,dialect-specific documented predicate renderer plus Y tier,20,NOT_CONFIRMED,none_Z1
Y4_R19_D01,Y4_R19,Y4_Basic_Obfuscation,PostgreSQL,SQL,D1,dialect-specific documented predicate renderer plus Y tier,20,NOT_CONFIRMED,none_Z1
Y4_R19_D02,Y4_R19,Y4_Basic_Obfuscation,MySQL,SQL,D1,dialect-specific documented predicate renderer plus Y tier,20,NOT_CONFIRMED,none_Z1
Y4_R19_D03,Y4_R19,Y4_Basic_Obfuscation,MariaDB,SQL,D1,dialect-specific documented predicate renderer plus Y tier,20,NOT_CONFIRMED,none_Z1
Y4_R19_D04,Y4_R19,Y4_Basic_Obfuscation,SQLite,SQL,D1,dialect-specific documented predicate renderer plus Y tier,20,NOT_CONFIRMED,none_Z1
Y4_R19_D05,Y4_R19,Y4_Basic_Obfuscation,SQL Server,T-SQL,D1,dialect-specific documented predicate renderer plus Y tier,20,NOT_CONFIRMED,none_Z1
Y4_R19_D06,Y4_R19,Y4_Basic_Obfuscation,Oracle,SQL,D1,dialect-specific documented predicate renderer plus Y tier,20,NOT_CONFIRMED,none_Z1
Y4_R19_D07,Y4_R19,Y4_Basic_Obfuscation,BigQuery,GoogleSQL,D2,dialect-specific documented predicate renderer plus Y tier,20,NOT_CONFIRMED,none_Z1
Y4_R19_D08,Y4_R19,Y4_Basic_Obfuscation,Snowflake,SQL,D2,dialect-specific documented predicate renderer plus Y tier,20,NOT_CONFIRMED,none_Z1
Y4_R19_D09,Y4_R19,Y4_Basic_Obfuscation,ClickHouse,SQL,D2,dialect-specific documented predicate renderer plus Y tier,20,NOT_CONFIRMED,none_Z1
Y4_R19_D10,Y4_R19,Y4_Basic_Obfuscation,DuckDB,SQL,D2,dialect-specific documented predicate renderer plus Y tier,20,NOT_CONFIRMED,none_Z1
Y4_R19_D11,Y4_R19,Y4_Basic_Obfuscation,MongoDB,MQL/JSON,D3,dialect-specific documented predicate renderer plus Y tier,20,NOT_CONFIRMED,none_Z1
Y4_R19_D12,Y4_R19,Y4_Basic_Obfuscation,Couchbase,SQL++,D3,dialect-specific documented predicate renderer plus Y tier,20,NOT_CONFIRMED,none_Z1
Y4_R19_D13,Y4_R19,Y4_Basic_Obfuscation,Redis,RediSearch query syntax (module required),D4,dialect-specific documented predicate renderer plus Y tier,20,NOT_CONFIRMED,none_Z1
Y4_R19_D14,Y4_R19,Y4_Basic_Obfuscation,Cassandra,CQL,D4,dialect-specific documented predicate renderer plus Y tier,20,NOT_CONFIRMED,none_Z1
Y4_R19_D15,Y4_R19,Y4_Basic_Obfuscation,DynamoDB,Condition/FilterExpression with values,D4,dialect-specific documented predicate renderer plus Y tier,20,NOT_CONFIRMED,none_Z1
Y4_R19_D16,Y4_R19,Y4_Basic_Obfuscation,Neo4j,Cypher,D5,dialect-specific documented predicate renderer plus Y tier,20,NOT_CONFIRMED,none_Z1
Y4_R19_D17,Y4_R19,Y4_Basic_Obfuscation,Elasticsearch,JSON Query DSL,D5,dialect-specific documented predicate renderer plus Y tier,20,NOT_CONFIRMED,none_Z1
Y4_R19_D18,Y4_R19,Y4_Basic_Obfuscation,OpenSearch,JSON Query DSL,D5,dialect-specific documented predicate renderer plus Y tier,20,NOT_CONFIRMED,none_Z1
Y4_R20_D01,Y4_R20,Y4_Basic_Obfuscation,PostgreSQL,SQL,D1,dialect-specific documented predicate renderer plus Y tier,20,NOT_CONFIRMED,none_Z1
Y4_R20_D02,Y4_R20,Y4_Basic_Obfuscation,MySQL,SQL,D1,dialect-specific documented predicate renderer plus Y tier,20,NOT_CONFIRMED,none_Z1
Y4_R20_D03,Y4_R20,Y4_Basic_Obfuscation,MariaDB,SQL,D1,dialect-specific documented predicate renderer plus Y tier,20,NOT_CONFIRMED,none_Z1
Y4_R20_D04,Y4_R20,Y4_Basic_Obfuscation,SQLite,SQL,D1,dialect-specific documented predicate renderer plus Y tier,20,NOT_CONFIRMED,none_Z1
Y4_R20_D05,Y4_R20,Y4_Basic_Obfuscation,SQL Server,T-SQL,D1,dialect-specific documented predicate renderer plus Y tier,20,NOT_CONFIRMED,none_Z1
Y4_R20_D06,Y4_R20,Y4_Basic_Obfuscation,Oracle,SQL,D1,dialect-specific documented predicate renderer plus Y tier,20,NOT_CONFIRMED,none_Z1
Y4_R20_D07,Y4_R20,Y4_Basic_Obfuscation,BigQuery,GoogleSQL,D2,dialect-specific documented predicate renderer plus Y tier,20,NOT_CONFIRMED,none_Z1
Y4_R20_D08,Y4_R20,Y4_Basic_Obfuscation,Snowflake,SQL,D2,dialect-specific documented predicate renderer plus Y tier,20,NOT_CONFIRMED,none_Z1
Y4_R20_D09,Y4_R20,Y4_Basic_Obfuscation,ClickHouse,SQL,D2,dialect-specific documented predicate renderer plus Y tier,20,NOT_CONFIRMED,none_Z1
Y4_R20_D10,Y4_R20,Y4_Basic_Obfuscation,DuckDB,SQL,D2,dialect-specific documented predicate renderer plus Y tier,20,NOT_CONFIRMED,none_Z1
Y4_R20_D11,Y4_R20,Y4_Basic_Obfuscation,MongoDB,MQL/JSON,D3,dialect-specific documented predicate renderer plus Y tier,20,NOT_CONFIRMED,none_Z1
Y4_R20_D12,Y4_R20,Y4_Basic_Obfuscation,Couchbase,SQL++,D3,dialect-specific documented predicate renderer plus Y tier,20,NOT_CONFIRMED,none_Z1
Y4_R20_D13,Y4_R20,Y4_Basic_Obfuscation,Redis,RediSearch query syntax (module required),D4,dialect-specific documented predicate renderer plus Y tier,20,NOT_CONFIRMED,none_Z1
Y4_R20_D14,Y4_R20,Y4_Basic_Obfuscation,Cassandra,CQL,D4,dialect-specific documented predicate renderer plus Y tier,20,NOT_CONFIRMED,none_Z1
Y4_R20_D15,Y4_R20,Y4_Basic_Obfuscation,DynamoDB,Condition/FilterExpression with values,D4,dialect-specific documented predicate renderer plus Y tier,20,NOT_CONFIRMED,none_Z1
Y4_R20_D16,Y4_R20,Y4_Basic_Obfuscation,Neo4j,Cypher,D5,dialect-specific documented predicate renderer plus Y tier,20,NOT_CONFIRMED,none_Z1
Y4_R20_D17,Y4_R20,Y4_Basic_Obfuscation,Elasticsearch,JSON Query DSL,D5,dialect-specific documented predicate renderer plus Y tier,20,NOT_CONFIRMED,none_Z1
Y4_R20_D18,Y4_R20,Y4_Basic_Obfuscation,OpenSearch,JSON Query DSL,D5,dialect-specific documented predicate renderer plus Y tier,20,NOT_CONFIRMED,none_Z1
